PassengerId,Age,SibSp,Parch,Fare,Pclass_1,Pclass_2,Pclass_3,Name_Master,Name_Miss,Name_Mr,Name_Mrs,Sex_female,Sex_male,Embarked_C,Embarked_Q,Embarked_S
1,-0.5303766406838785,0.4327933656785018,-0.4736736092984604,-0.5024451714361923,0,0,1,0,0,1,0,0,1,0,0,1
2,0.571830994003175,0.4327933656785018,-0.4736736092984604,0.7868452935884461,1,0,0,0,0,0,1,1,0,1,0,0
3,-0.25482473201211503,-0.47454519624983954,-0.4736736092984604,-0.4888542575852486,0,0,1,0,1,0,0,1,0,0,0,1
4,0.36516706249935255,0.4327933656785018,-0.4736736092984604,0.4207302360686478,1,0,0,0,0,0,1,1,0,0,0,1
5,0.36516706249935255,-0.47454519624983954,-0.4736736092984604,-0.4863374216869257,0,0,1,0,0,1,0,0,1,0,0,1
6,0.0,-0.47454519624983954,-0.4736736092984604,-0.47811642890864375,0,0,1,0,0,1,0,0,1,0,1,0
7,1.6740386286902287,-0.47454519624983954,-0.4736736092984604,0.395813560675251,1,0,0,0,0,1,0,0,1,0,0,1
8,-1.9081361840426954,2.2474704895351842,0.7676298785983874,-0.22408312108167944,0,0,1,1,0,0,0,0,1,0,0,1
9,-0.1859367548441742,-0.47454519624983954,2.0089333664952354,-0.4242561406845337,0,0,1,0,0,0,1,1,0,0,0,1
10,-1.0814804580274051,0.4327933656785018,-0.4736736092984604,-0.04295550208861426,0,1,0,0,0,0,1,1,0,1,0,0
11,-1.7703602297068137,0.4327933656785018,0.7676298785983874,-0.312172377522981,0,0,1,0,1,0,0,1,0,0,0,1
12,1.949590537361992,-0.47454519624983954,-0.4736736092984604,-0.11384570873513637,1,0,0,0,1,0,0,1,0,0,0,1
13,-0.6681525950197601,-0.47454519624983954,-0.4736736092984604,-0.4863374216869257,0,0,1,0,0,1,0,0,1,0,0,1
14,0.6407189711711159,0.4327933656785018,5.73284383018578,-0.01870931177853076,0,0,1,0,0,1,0,0,1,0,0,1
15,-1.0814804580274051,-0.47454519624983954,-0.4736736092984604,-0.4902797934380587,0,0,1,0,1,0,0,1,0,0,0,1
16,1.7429266058581694,-0.47454519624983954,-0.4736736092984604,-0.3262666585535892,0,1,0,0,0,0,1,1,0,0,0,1
17,-1.9081361840426954,3.1548090514635256,0.7676298785983874,-0.06199888922968463,0,0,1,1,0,0,0,0,1,0,1,0
18,0.0,-0.47454519624983954,-0.4736736092984604,-0.3866707201133388,0,1,0,0,0,1,0,0,1,0,0,1
19,0.08961515382758917,0.4327933656785018,-0.4736736092984604,-0.2859972841804228,0,0,1,0,0,0,1,1,0,0,0,1
20,0.0,-0.47454519624983954,-0.4736736092984604,-0.5029485386158568,0,0,1,0,0,0,1,1,0,1,0,0
21,0.36516706249935255,-0.47454519624983954,-0.4736736092984604,-0.12491978668775715,0,1,0,0,0,1,0,0,1,0,0,1
22,0.2962790853314117,-0.47454519624983954,-0.4736736092984604,-0.3866707201133388,0,1,0,0,0,1,0,0,1,0,0,1
23,-1.0125924808594644,-0.47454519624983954,-0.4736736092984604,-0.4867562231804066,0,0,1,0,1,0,0,1,0,0,1,0
24,-0.11704877767623337,-0.47454519624983954,-0.4736736092984604,0.06635974158478332,1,0,0,0,0,1,0,0,1,0,0,1
25,-1.4948083210350502,2.2474704895351842,0.7676298785983874,-0.22408312108167944,0,0,1,0,1,0,0,1,0,0,0,1
26,0.571830994003175,0.4327933656785018,5.73284383018578,-0.016444159470040135,0,0,1,0,0,0,1,1,0,0,0,1
27,0.0,-0.47454519624983954,-0.4736736092984604,-0.5029485386158568,0,0,1,0,0,1,0,0,1,1,0,0
28,-0.7370405721877009,2.2474704895351842,2.0089333664952354,4.647001076532463,1,0,0,0,0,1,0,0,1,0,0,1
29,0.0,-0.47454519624983954,-0.4736736092984604,-0.48977642625839407,0,0,1,0,1,0,0,1,0,0,1,0
30,0.0,-0.47454519624983954,-0.4736736092984604,-0.4894421904510968,0,0,1,0,0,1,0,0,1,0,0,1
31,0.7096069483390568,-0.47454519624983954,-0.4736736092984604,-0.09027201697708476,1,0,0,0,0,0,0,0,1,1,0,0
32,0.0,0.4327933656785018,-0.4736736092984604,2.301728820789,1,0,0,0,0,0,1,1,0,1,0,0
33,0.0,-0.47454519624983954,-0.4736736092984604,-0.49237782784290063,0,0,1,0,1,0,0,1,0,0,1,0
34,2.500694354705519,-0.47454519624983954,-0.4736736092984604,-0.43700743807979686,0,1,0,0,0,1,0,0,1,0,0,1
35,-0.11704877767623337,0.4327933656785018,-0.4736736092984604,1.0060617003323709,1,0,0,0,0,1,0,0,1,1,0,0
36,0.8473829026749384,0.4327933656785018,-0.4736736092984604,0.39858208016340624,1,0,0,0,0,1,0,0,1,0,0,1
37,0.0,-0.47454519624983954,-0.4736736092984604,-0.5028639729296732,0,0,1,0,0,1,0,0,1,1,0,0
38,-0.5992646178518193,-0.47454519624983954,-0.4736736092984604,-0.4863374216869257,0,0,1,0,0,1,0,0,1,0,0,1
39,-0.8059285493556418,1.340131927606843,-0.4736736092984604,-0.2859972841804228,0,0,1,0,1,0,0,1,0,0,0,1
40,-1.0814804580274051,0.4327933656785018,-0.4736736092984604,-0.42207354059350805,0,0,1,0,1,0,0,1,0,1,0,0
41,0.7096069483390568,0.4327933656785018,-0.4736736092984604,-0.4576454924460446,0,0,1,0,0,0,1,1,0,0,0,1
42,-0.1859367548441742,0.4327933656785018,-0.4736736092984604,-0.22559322262067316,0,1,0,0,0,0,1,1,0,0,0,1
43,0.0,-0.47454519624983954,-0.4736736092984604,-0.4894421904510968,0,0,1,0,0,1,0,0,1,1,0,0
44,-1.8392482068747544,0.4327933656785018,2.0089333664952354,0.18876253192945994,0,1,0,0,1,0,0,1,0,1,0,0
45,-0.7370405721877009,-0.47454519624983954,-0.4736736092984604,-0.48977642625839407,0,0,1,0,1,0,0,1,0,0,1,0
46,0.0,-0.47454519624983954,-0.4736736092984604,-0.4863374216869257,0,0,1,0,0,1,0,0,1,0,0,1
47,0.0,0.4327933656785018,-0.4736736092984604,-0.3363340021468808,0,0,1,0,0,1,0,0,1,0,1,0
48,0.0,-0.47454519624983954,-0.4736736092984604,-0.49237782784290063,0,0,1,0,1,0,0,1,0,0,1,0
49,0.0,1.340131927606843,-0.4736736092984604,-0.21191774308354583,0,0,1,0,0,1,0,0,1,1,0,0
50,-0.8059285493556418,0.4327933656785018,-0.4736736092984604,-0.29002422161773944,0,0,1,0,0,0,1,1,0,0,0,1
51,-1.5636962982029912,3.1548090514635256,0.7676298785983874,0.1506737441786005,0,0,1,1,0,0,0,0,1,0,0,1
52,-0.5992646178518193,-0.47454519624983954,-0.4736736092984604,-0.4913710934835715,0,0,1,0,0,1,0,0,1,0,0,1
53,1.3295987428505243,0.4327933656785018,-0.4736736092984604,0.8964967865378598,1,0,0,0,0,0,1,1,0,1,0,0
54,-0.04816080050829252,0.4327933656785018,-0.4736736092984604,-0.12491978668775715,0,1,0,0,0,0,1,1,0,0,0,1
55,2.431806377537578,-0.47454519624983954,0.7676298785983874,0.5995101505357573,1,0,0,0,0,1,0,0,1,1,0,0
56,0.0,-0.47454519624983954,-0.4736736092984604,0.06635974158478332,1,0,0,0,0,1,0,0,1,0,0,1
57,-0.5992646178518193,-0.47454519624983954,-0.4736736092984604,-0.43700743807979686,0,1,0,0,1,0,0,1,0,0,0,1
58,-0.08260478909226295,-0.47454519624983954,-0.4736736092984604,-0.5028639729296732,0,0,1,0,0,1,0,0,1,1,0,0
59,-1.7014722525388728,0.4327933656785018,2.0089333664952354,-0.08968408411123653,0,1,0,0,1,0,0,1,0,0,0,1
60,-1.2881443895312277,4.0621476133918675,2.0089333664952354,0.2958951755118318,0,0,1,1,0,0,0,0,1,0,0,1
61,-0.5303766406838785,-0.47454519624983954,-0.4736736092984604,-0.5028639729296732,0,0,1,0,0,1,0,0,1,1,0,0
62,0.571830994003175,-0.47454519624983954,-0.4736736092984604,0.962353321387736,1,0,0,0,1,0,0,1,0,0,0,0
63,1.054046834178761,0.4327933656785018,-0.4736736092984604,1.0323213593611125,1,0,0,0,0,1,0,0,1,0,0,1
64,-1.7703602297068137,2.2474704895351842,2.0089333664952354,-0.08666388103324908,0,0,1,1,0,0,0,0,1,0,0,1
65,0.0,-0.47454519624983954,-0.4736736092984604,-0.09027201697708476,1,0,0,0,0,1,0,0,1,1,0,0
66,0.0,0.4327933656785018,0.7676298785983874,-0.3414522396297103,0,0,1,1,0,0,0,0,1,1,0,0
67,-0.04816080050829252,-0.47454519624983954,-0.4736736092984604,-0.43700743807979686,0,1,0,0,0,0,1,1,0,0,0,1
68,-0.7370405721877009,-0.47454519624983954,-0.4736736092984604,-0.4841568350646187,0,0,1,0,0,1,0,0,1,0,0,1
69,-0.8748165265235827,3.1548090514635256,2.0089333664952354,-0.4888542575852486,0,0,1,0,1,0,0,1,0,0,0,1
70,-0.25482473201211503,1.340131927606843,-0.4736736092984604,-0.47400492578514347,0,0,1,0,0,1,0,0,1,0,0,1
71,0.15850313099553,-0.47454519624983954,-0.4736736092984604,-0.43700743807979686,0,1,0,0,0,1,0,0,1,0,0,1
72,-0.9437045036915235,4.0621476133918675,2.0089333664952354,0.2958951755118318,0,0,1,0,1,0,0,1,0,0,0,1
73,-0.5992646178518193,-0.47454519624983954,-0.4736736092984604,0.8314778546749452,0,1,0,0,0,1,0,0,1,0,0,1
74,-0.25482473201211503,0.4327933656785018,-0.4736736092984604,-0.3573908580066095,0,0,1,0,0,1,0,0,1,1,0,0
75,0.15850313099553,-0.47454519624983954,-0.4736736092984604,0.48910360681684706,0,0,1,0,0,1,0,0,1,0,0,1
76,-0.3237127091800559,-0.47454519624983954,-0.4736736092984604,-0.494391296561559,0,0,1,0,0,1,0,0,1,0,0,1
77,0.0,-0.47454519624983954,-0.4736736092984604,-0.4894421904510968,0,0,1,0,0,1,0,0,1,0,0,1
78,0.0,-0.47454519624983954,-0.4736736092984604,-0.4863374216869257,0,0,1,0,0,1,0,0,1,0,0,1
79,-1.9887351173291863,-0.47454519624983954,2.0089333664952354,-0.06451572512800753,0,1,0,1,0,0,0,0,1,0,0,1
80,0.020727176659648322,-0.47454519624983954,-0.4736736092984604,-0.397241430886295,0,0,1,0,1,0,0,1,0,0,0,1
81,-0.5303766406838785,-0.47454519624983954,-0.4736736092984604,-0.46720946885967163,0,0,1,0,0,1,0,0,1,0,0,1
82,-0.04816080050829252,-0.47454519624983954,-0.4736736092984604,-0.45714212526638004,0,0,1,0,0,1,0,0,1,0,0,1
83,0.0,-0.47454519624983954,-0.4736736092984604,-0.49162277707340374,0,0,1,0,1,0,0,1,0,0,1,0
84,-0.11704877767623337,-0.47454519624983954,-0.4736736092984604,0.29992211294914856,1,0,0,0,0,1,0,0,1,0,0,1
85,-0.8748165265235827,-0.47454519624983954,-0.4736736092984604,-0.43700743807979686,0,1,0,0,1,0,0,1,0,0,0,1
86,0.22739110816347086,2.2474704895351842,-0.4736736092984604,-0.32928686163157667,0,0,1,0,0,0,1,1,0,0,0,1
87,-0.9437045036915235,0.4327933656785018,3.250236854392083,0.04370821849987721,0,0,1,0,0,1,0,0,1,0,0,1
88,0.0,-0.47454519624983954,-0.4736736092984604,-0.4863374216869257,0,0,1,0,0,1,0,0,1,0,0,1
89,-0.4614886635159376,2.2474704895351842,2.0089333664952354,4.647001076532463,1,0,0,0,1,0,0,1,0,0,0,1
90,-0.3926006863479967,-0.47454519624983954,-0.4736736092984604,-0.4863374216869257,0,0,1,0,0,1,0,0,1,0,0,1
91,-0.04816080050829252,-0.47454519624983954,-0.4736736092984604,-0.4863374216869257,0,0,1,0,0,1,0,0,1,0,0,1
92,-0.6681525950197601,-0.47454519624983954,-0.4736736092984604,-0.4902797934380587,0,0,1,0,0,1,0,0,1,0,0,1
93,1.122934811346702,0.4327933656785018,-0.4736736092984604,0.5833178351003071,1,0,0,0,0,1,0,0,1,0,0,1
94,-0.25482473201211503,0.4327933656785018,2.0089333664952354,-0.23415046467497105,0,0,1,0,0,1,0,0,1,0,0,1
95,2.018478514529933,-0.47454519624983954,-0.4736736092984604,-0.5024451714361923,0,0,1,0,0,1,0,0,1,0,0,1
96,0.0,-0.47454519624983954,-0.4736736092984604,-0.4863374216869257,0,0,1,0,0,1,0,0,1,0,0,1
97,2.845134240545223,-0.47454519624983954,-0.4736736092984604,0.0493298231623713,1,0,0,0,0,1,0,0,1,1,0,0
98,-0.4614886635159376,-0.47454519624983954,0.7676298785983874,0.6272778976347743,1,0,0,0,0,1,0,0,1,1,0,0
99,0.2962790853314117,-0.47454519624983954,0.7676298785983874,-0.18532384824750675,0,1,0,0,0,0,1,1,0,0,0,1
100,0.2962790853314117,0.4327933656785018,-0.4736736092984604,-0.12491978668775715,0,1,0,0,0,1,0,0,1,0,0,1
101,-0.11704877767623337,-0.47454519624983954,-0.4736736092984604,-0.4894421904510968,0,0,1,0,1,0,0,1,0,0,0,1
102,0.0,-0.47454519624983954,-0.4736736092984604,-0.4894421904510968,0,0,1,0,0,1,0,0,1,0,0,1
103,-0.5992646178518193,-0.47454519624983954,0.7676298785983874,0.907737982394129,1,0,0,0,0,1,0,0,1,0,0,1
104,0.22739110816347086,-0.47454519624983954,-0.4736736092984604,-0.4741720436887921,0,0,1,0,0,1,0,0,1,0,0,1
105,0.5029430168352342,1.340131927606843,-0.4736736092984604,-0.4888542575852486,0,0,1,0,0,1,0,0,1,0,0,1
106,-0.11704877767623337,-0.47454519624983954,-0.4736736092984604,-0.4894421904510968,0,0,1,0,0,1,0,0,1,0,0,1
107,-0.5992646178518193,-0.47454519624983954,-0.4736736092984604,-0.494391296561559,0,0,1,0,1,0,0,1,0,0,0,1
108,0.0,-0.47454519624983954,-0.4736736092984604,-0.4918744606632361,0,0,1,0,0,1,0,0,1,0,0,1
109,0.571830994003175,-0.47454519624983954,-0.4736736092984604,-0.4894421904510968,0,0,1,0,0,1,0,0,1,0,0,1
110,0.0,0.4327933656785018,-0.4736736092984604,-0.1621689579829361,0,0,1,0,1,0,0,1,0,0,1,0
111,1.1918227885146426,-0.47454519624983954,-0.4736736092984604,0.39858208016340624,1,0,0,0,0,1,0,0,1,0,0,1
112,-1.0470364694434349,0.4327933656785018,-0.4736736092984604,-0.3573908580066095,0,0,1,0,1,0,0,1,0,1,0,0
113,-0.5303766406838785,-0.47454519624983954,-0.4736736092984604,-0.4863374216869257,0,0,1,0,0,1,0,0,1,0,0,1
114,-0.6681525950197601,0.4327933656785018,-0.4736736092984604,-0.4505983519307405,0,0,1,0,1,0,0,1,0,0,0,1
115,-0.8748165265235827,-0.47454519624983954,-0.4736736092984604,-0.3573083057891445,0,0,1,0,1,0,0,1,0,1,0,0
116,-0.5992646178518193,-0.47454519624983954,-0.4736736092984604,-0.4888542575852486,0,0,1,0,0,1,0,0,1,0,0,1
117,2.8106902519612524,-0.47454519624983954,-0.4736736092984604,-0.49237782784290063,0,0,1,0,0,1,0,0,1,0,1,0
118,-0.04816080050829252,0.4327933656785018,-0.4736736092984604,-0.22559322262067316,0,1,0,0,0,1,0,0,1,0,0,1
119,-0.3926006863479967,-0.47454519624983954,0.7676298785983874,4.335332226633905,1,0,0,0,0,1,0,0,1,1,0,0
120,-1.9081361840426954,3.1548090514635256,2.0089333664952354,-0.01870931177853076,0,0,1,0,1,0,0,1,0,0,0,1
121,-0.5992646178518193,1.340131927606843,-0.4736736092984604,0.8314778546749452,0,1,0,0,0,1,0,0,1,0,0,1
122,0.0,-0.47454519624983954,-0.4736736092984604,-0.4863374216869257,0,0,1,0,0,1,0,0,1,0,0,1
123,0.19294711957950042,0.4327933656785018,-0.4736736092984604,-0.04295550208861426,0,1,0,0,0,1,0,0,1,1,0,0
124,0.19294711957950042,-0.47454519624983954,-0.4736736092984604,-0.3866707201133388,0,1,0,0,1,0,0,1,0,0,0,1
125,1.6740386286902287,-0.47454519624983954,0.7676298785983874,0.907737982394129,1,0,0,0,0,1,0,0,1,0,0,1
126,-1.219256412363287,0.4327933656785018,-0.4736736092984604,-0.42207354059350805,0,0,1,1,0,0,0,0,1,1,0,0
127,0.0,-0.47454519624983954,-0.4736736092984604,-0.49237782784290063,0,0,1,0,0,1,0,0,1,0,1,0
128,-0.3926006863479967,-0.47454519624983954,-0.4736736092984604,-0.5046257580584992,0,0,1,0,0,1,0,0,1,0,0,1
129,0.0,0.4327933656785018,0.7676298785983874,-0.19824427701513722,0,0,1,0,1,0,0,1,0,1,0,0
130,1.054046834178761,-0.47454519624983954,-0.4736736092984604,-0.5079822104125026,0,0,1,0,0,1,0,0,1,0,0,1
131,0.22739110816347086,-0.47454519624983954,-0.4736736092984604,-0.4894421904510968,0,0,1,0,0,1,0,0,1,1,0,0
132,-0.6681525950197601,-0.47454519624983954,-0.4736736092984604,-0.5064721088735089,0,0,1,0,0,1,0,0,1,0,0,1
133,1.1918227885146426,0.4327933656785018,-0.4736736092984604,-0.35646868933346404,0,0,1,0,0,0,1,1,0,0,0,1
134,-0.04816080050829252,0.4327933656785018,-0.4736736092984604,-0.12491978668775715,0,1,0,0,0,0,1,1,0,0,0,1
135,-0.3237127091800559,-0.47454519624983954,-0.4736736092984604,-0.3866707201133388,0,1,0,0,0,1,0,0,1,0,0,1
136,-0.4614886635159376,-0.47454519624983954,-0.4736736092984604,-0.3454791770670269,0,1,0,0,0,1,0,0,1,1,0,0
137,-0.7370405721877009,-0.47454519624983954,2.0089333664952354,-0.11921562980779811,1,0,0,0,1,0,0,1,0,0,0,1
138,0.5029430168352342,0.4327933656785018,-0.4736736092984604,0.4207302360686478,1,0,0,0,0,1,0,0,1,0,0,1
139,-0.9437045036915235,-0.47454519624983954,-0.4736736092984604,-0.4628462821463391,0,0,1,0,0,1,0,0,1,0,0,1
140,-0.3926006863479967,-0.47454519624983954,-0.4736736092984604,0.9462455716384695,1,0,0,0,0,1,0,0,1,1,0,0
141,0.0,-0.47454519624983954,2.0089333664952354,-0.3414522396297103,0,0,1,0,0,0,1,1,0,1,0,0
142,-0.5303766406838785,-0.47454519624983954,-0.4736736092984604,-0.49237782784290063,0,0,1,0,1,0,0,1,0,0,0,1
143,-0.3926006863479967,0.4327933656785018,-0.4736736092984604,-0.32928686163157667,0,0,1,0,0,0,1,1,0,0,0,1
144,-0.7370405721877009,-0.47454519624983954,-0.4736736092984604,-0.5125125150294839,0,0,1,0,0,1,0,0,1,0,1,0
145,-0.8059285493556418,-0.47454519624983954,-0.4736736092984604,-0.41687275089321363,0,1,0,0,0,1,0,0,1,0,0,1
146,-0.7370405721877009,0.4327933656785018,0.7676298785983874,0.09152810056801232,0,1,0,0,0,1,0,0,1,0,0,1
147,-0.1859367548441742,-0.47454519624983954,-0.4736736092984604,-0.49145565916975514,0,0,1,0,0,1,0,0,1,0,0,1
148,-1.4259203438671093,1.340131927606843,2.0089333664952354,0.04370821849987721,0,0,1,0,1,0,0,1,0,0,0,1
149,0.4684990282512638,-0.47454519624983954,2.0089333664952354,-0.12491978668775715,0,1,0,0,0,1,0,0,1,0,0,1
150,0.8473829026749384,-0.47454519624983954,-0.4736736092984604,-0.3866707201133388,0,1,0,0,0,0,0,0,1,0,0,1
151,1.4673746971864061,-0.47454519624983954,-0.4736736092984604,-0.39623469652696586,0,1,0,0,0,0,0,0,1,0,0,1
152,-0.5303766406838785,0.4327933656785018,-0.4736736092984604,0.6925485130875209,1,0,0,0,0,0,1,1,0,0,0,1
153,1.7773705944421399,-0.47454519624983954,-0.4736736092984604,-0.4863374216869257,0,0,1,0,0,1,0,0,1,0,0,1
154,0.7440509369230272,-0.47454519624983954,2.0089333664952354,-0.35646868933346404,0,0,1,0,0,1,0,0,1,0,0,1
155,0.0,-0.47454519624983954,-0.4736736092984604,-0.5011867534870308,0,0,1,0,0,1,0,0,1,0,0,1
156,1.4673746971864061,-0.47454519624983954,0.7676298785983874,0.5874293382238074,1,0,0,0,0,1,0,0,1,1,0,0
157,-0.9437045036915235,-0.47454519624983954,-0.4736736092984604,-0.49271407711891657,0,0,1,0,1,0,0,1,0,0,1,0
158,0.020727176659648322,-0.47454519624983954,-0.4736736092984604,-0.4863374216869257,0,0,1,0,0,1,0,0,1,0,0,1
159,0.0,-0.47454519624983954,-0.4736736092984604,-0.47400492578514347,0,0,1,0,0,1,0,0,1,0,0,1
160,0.0,6.784163299176891,2.0089333664952354,0.7519458402879414,0,0,1,1,0,0,0,0,1,0,0,1
161,0.9851588570108202,-0.47454519624983954,0.7676298785983874,-0.32425318983493084,0,0,1,0,0,1,0,0,1,0,0,1
162,0.7096069483390568,-0.47454519624983954,-0.4736736092984604,-0.331300330350235,0,1,0,0,0,0,1,1,0,0,0,1
163,-0.25482473201211503,-0.47454519624983954,-0.4736736092984604,-0.4918744606632361,0,0,1,0,0,1,0,0,1,0,0,1
164,-0.8748165265235827,-0.47454519624983954,-0.4736736092984604,-0.47400492578514347,0,0,1,0,0,1,0,0,1,0,0,1
165,-1.977024161210636,3.1548090514635256,0.7676298785983874,0.1506737441786005,0,0,1,1,0,0,0,0,1,0,0,1
166,-1.4259203438671093,-0.47454519624983954,2.0089333664952354,-0.2351571990343002,0,0,1,1,0,0,0,0,1,0,0,1
167,0.0,-0.47454519624983954,0.7676298785983874,0.4589861417231558,1,0,0,0,0,0,1,1,0,0,0,1
168,1.054046834178761,0.4327933656785018,4.491540342288931,-0.08666388103324908,0,0,1,0,0,0,1,1,0,0,0,1
169,0.0,-0.47454519624983954,-0.4736736092984604,-0.12642988822675086,1,0,0,0,0,1,0,0,1,0,0,1
170,-0.11704877767623337,-0.47454519624983954,-0.4736736092984604,0.48910360681684706,0,0,1,0,0,1,0,0,1,0,0,1
171,2.1562544688658143,-0.47454519624983954,-0.4736736092984604,0.026090367211616904,1,0,0,0,0,1,0,0,1,0,0,1
172,-1.7703602297068137,3.1548090514635256,0.7676298785983874,-0.06199888922968463,0,0,1,1,0,0,0,0,1,0,1,0
173,-1.977024161210636,0.4327933656785018,0.7676298785983874,-0.4242561406845337,0,0,1,0,1,0,0,1,0,0,0,1
174,-0.5992646178518193,-0.47454519624983954,-0.4736736092984604,-0.4888542575852486,0,0,1,0,0,1,0,0,1,0,0,1
175,1.8118145830261103,-0.47454519624983954,-0.4736736092984604,-0.030371322596999754,1,0,0,0,0,1,0,0,1,1,0,0
176,-0.8059285493556418,0.4327933656785018,0.7676298785983874,-0.4902797934380587,0,0,1,0,0,1,0,0,1,0,0,1
177,0.0,2.2474704895351842,0.7676298785983874,-0.13565761536436197,0,0,1,1,0,0,0,0,1,0,0,1
178,1.3984867200184652,-0.47454519624983954,-0.4736736092984604,-0.07030444769415023,1,0,0,0,1,0,0,1,0,1,0,0
179,0.020727176659648322,-0.47454519624983954,-0.4736736092984604,-0.3866707201133388,0,1,0,0,0,1,0,0,1,0,0,1
180,0.43405503966729336,-0.47454519624983954,-0.4736736092984604,-0.6484216535389205,0,0,1,0,0,1,0,0,1,0,0,1
181,0.0,6.784163299176891,2.0089333664952354,0.7519458402879414,0,0,1,0,1,0,0,1,0,0,0,1
182,0.0,-0.47454519624983954,-0.4736736092984604,-0.34539461138084326,0,1,0,0,0,1,0,0,1,1,0,0
183,-1.4259203438671093,3.1548090514635256,2.0089333664952354,-0.016444159470040135,0,0,1,1,0,0,0,0,1,0,0,1
184,-1.977024161210636,1.340131927606843,0.7676298785983874,0.13683114673782454,0,1,0,1,0,0,0,0,1,0,0,1
185,-1.7703602297068137,-0.47454519624983954,2.0089333664952354,-0.20495516825442542,0,0,1,0,1,0,0,1,0,0,0,1
186,0.0,-0.47454519624983954,-0.4736736092984604,0.3583127057902398,1,0,0,0,0,1,0,0,1,0,0,1
187,0.0,0.4327933656785018,-0.4736736092984604,-0.3363340021468808,0,0,1,0,0,0,1,1,0,0,1,0
188,1.054046834178761,-0.47454519624983954,-0.4736736092984604,-0.11384570873513637,1,0,0,0,0,1,0,0,1,0,0,1
189,0.7096069483390568,0.4327933656785018,0.7676298785983874,-0.3363340021468808,0,0,1,0,0,1,0,0,1,0,1,0
190,0.43405503966729336,-0.47454519624983954,-0.4736736092984604,-0.4894421904510968,0,0,1,0,0,1,0,0,1,0,0,1
191,0.15850313099553,-0.47454519624983954,-0.4736736092984604,-0.3866707201133388,0,1,0,0,0,0,1,1,0,0,0,1
192,-0.7370405721877009,-0.47454519624983954,-0.4736736092984604,-0.3866707201133388,0,1,0,0,0,1,0,0,1,0,0,1
193,-0.7370405721877009,0.4327933656785018,-0.4736736092984604,-0.4902797934380587,0,0,1,0,1,0,0,1,0,0,0,1
194,-1.8392482068747544,0.4327933656785018,0.7676298785983874,-0.12491978668775715,0,1,0,1,0,0,0,0,1,0,0,1
195,0.9851588570108202,-0.47454519624983954,-0.4736736092984604,-0.09027201697708476,1,0,0,0,0,0,1,1,0,1,0,0
196,1.949590537361992,-0.47454519624983954,-0.4736736092984604,2.301728820789,1,0,0,0,1,0,0,1,0,1,0,0
197,0.0,-0.47454519624983954,-0.4736736092984604,-0.49237782784290063,0,0,1,0,0,1,0,0,1,0,1,0
198,0.8473829026749384,-0.47454519624983954,0.7676298785983874,-0.47920571548543794,0,0,1,0,0,1,0,0,1,0,0,1
199,0.0,-0.47454519624983954,-0.4736736092984604,-0.49237782784290063,0,0,1,0,1,0,0,1,0,0,1,0
200,-0.3926006863479967,-0.47454519624983954,-0.4736736092984604,-0.3866707201133388,0,1,0,0,1,0,0,1,0,0,0,1
201,-0.11704877767623337,-0.47454519624983954,-0.4736736092984604,-0.45714212526638004,0,0,1,0,0,1,0,0,1,0,0,1
202,0.0,6.784163299176891,2.0089333664952354,0.7519458402879414,0,0,1,0,0,1,0,0,1,0,0,1
203,0.2962790853314117,-0.47454519624983954,-0.4736736092984604,-0.5176307525123133,0,0,1,0,0,1,0,0,1,0,0,1
204,1.0884908227627315,-0.47454519624983954,-0.4736736092984604,-0.5029485386158568,0,0,1,0,0,1,0,0,1,1,0,0
205,-0.8059285493556418,-0.47454519624983954,-0.4736736092984604,-0.4863374216869257,0,0,1,0,0,1,0,0,1,0,0,1
206,-1.9081361840426954,-0.47454519624983954,0.7676298785983874,-0.43776248884929375,0,0,1,0,1,0,0,1,0,0,0,1
207,0.15850313099553,0.4327933656785018,-0.4736736092984604,-0.32928686163157667,0,0,1,0,0,1,0,0,1,0,0,1
208,-0.25482473201211503,-0.47454519624983954,-0.4736736092984604,-0.2701412180209885,0,0,1,0,0,1,0,0,1,1,0,0
209,-0.9437045036915235,-0.47454519624983954,-0.4736736092984604,-0.49237782784290063,0,0,1,0,1,0,0,1,0,0,1,0
210,0.7096069483390568,-0.47454519624983954,-0.4736736092984604,-0.024246350754841113,1,0,0,0,0,1,0,0,1,1,0,0
211,-0.3926006863479967,-0.47454519624983954,-0.4736736092984604,-0.5064721088735089,0,0,1,0,0,1,0,0,1,0,0,1
212,0.36516706249935255,-0.47454519624983954,-0.4736736092984604,-0.22559322262067316,0,1,0,0,1,0,0,1,0,0,0,1
213,-0.5303766406838785,-0.47454519624983954,-0.4736736092984604,-0.5024451714361923,0,0,1,0,0,1,0,0,1,0,0,1
214,0.020727176659648322,-0.47454519624983954,-0.4736736092984604,-0.3866707201133388,0,1,0,0,0,1,0,0,1,0,0,1
215,0.0,0.4327933656785018,-0.4736736092984604,-0.49237782784290063,0,0,1,0,0,1,0,0,1,0,1,0
216,0.08961515382758917,0.4327933656785018,-0.4736736092984604,1.6323350375212924,1,0,0,0,1,0,0,1,0,1,0,0
217,-0.1859367548441742,-0.47454519624983954,-0.4736736092984604,-0.4888542575852486,0,0,1,0,1,0,0,1,0,0,0,1
218,0.8473829026749384,0.4327933656785018,-0.4736736092984604,-0.10478509950117394,0,1,0,0,0,1,0,0,1,0,0,1
219,0.15850313099553,-0.47454519624983954,-0.4736736092984604,0.8876878608937296,1,0,0,0,1,0,0,1,0,1,0,0
220,0.020727176659648322,-0.47454519624983954,-0.4736736092984604,-0.43700743807979686,0,1,0,0,0,1,0,0,1,0,0,1
221,-0.9437045036915235,-0.47454519624983954,-0.4736736092984604,-0.4863374216869257,0,0,1,0,0,1,0,0,1,0,0,1
222,-0.1859367548441742,-0.47454519624983954,-0.4736736092984604,-0.3866707201133388,0,1,0,0,0,1,0,0,1,0,0,1
223,1.4673746971864061,-0.47454519624983954,-0.4736736092984604,-0.4863374216869257,0,0,1,0,0,1,0,0,1,0,0,1
224,0.0,-0.47454519624983954,-0.4736736092984604,-0.4894421904510968,0,0,1,0,0,1,0,0,1,0,0,1
225,0.571830994003175,0.4327933656785018,-0.4736736092984604,1.163700193253568,1,0,0,0,0,1,0,0,1,0,0,1
226,-0.5303766406838785,-0.47454519624983954,-0.4736736092984604,-0.4601623283443675,0,0,1,0,0,1,0,0,1,0,0,1
227,-0.7370405721877009,-0.47454519624983954,-0.4736736092984604,-0.43700743807979686,0,1,0,0,0,1,0,0,1,0,0,1
228,-0.6337086064357897,-0.47454519624983954,-0.4736736092984604,-0.5024451714361923,0,0,1,0,0,1,0,0,1,0,0,1
229,-0.8059285493556418,-0.47454519624983954,-0.4736736092984604,-0.3866707201133388,0,1,0,0,0,1,0,0,1,0,0,1
230,0.0,2.2474704895351842,0.7676298785983874,-0.13565761536436197,0,0,1,0,1,0,0,1,0,0,0,1
231,0.36516706249935255,0.4327933656785018,-0.4736736092984604,1.0323213593611125,1,0,0,0,0,0,1,1,0,0,0,1
232,-0.04816080050829252,-0.47454519624983954,-0.4736736092984604,-0.4918744606632361,0,0,1,0,0,1,0,0,1,0,0,1
233,2.018478514529933,-0.47454519624983954,-0.4736736092984604,-0.3766033765200472,0,1,0,0,0,1,0,0,1,0,0,1
234,-1.7014722525388728,3.1548090514635256,2.0089333664952354,-0.016444159470040135,0,0,1,0,1,0,0,1,0,0,0,1
235,-0.3926006863479967,-0.47454519624983954,-0.4736736092984604,-0.43700743807979686,0,1,0,0,0,1,0,0,1,0,0,1
236,0.0,-0.47454519624983954,-0.4736736092984604,-0.49640476528021726,0,0,1,0,1,0,0,1,0,0,0,1
237,0.9851588570108202,0.4327933656785018,-0.4736736092984604,-0.12491978668775715,0,1,0,0,0,1,0,0,1,0,0,1
238,-1.4948083210350502,-0.47454519624983954,2.0089333664952354,-0.11988611489111134,0,1,0,0,1,0,0,1,0,0,0,1
239,-0.7370405721877009,-0.47454519624983954,-0.4736736092984604,-0.43700743807979686,0,1,0,0,0,1,0,0,1,0,0,1
240,0.22739110816347086,-0.47454519624983954,-0.4736736092984604,-0.4012683683236117,0,1,0,0,0,1,0,0,1,0,0,1
241,0.0,0.4327933656785018,-0.4736736092984604,-0.3573908580066095,0,0,1,0,1,0,0,1,0,1,0,0
242,0.0,0.4327933656785018,-0.4736736092984604,-0.3363340021468808,0,0,1,0,1,0,0,1,0,0,1,0
243,-0.04816080050829252,-0.47454519624983954,-0.4736736092984604,-0.43700743807979686,0,1,0,0,0,1,0,0,1,0,0,1
244,-0.5303766406838785,-0.47454519624983954,-0.4736736092984604,-0.5049620073345151,0,0,1,0,0,1,0,0,1,0,0,1
245,0.020727176659648322,-0.47454519624983954,-0.4736736092984604,-0.5029485386158568,0,0,1,0,0,1,0,0,1,1,0,0
246,0.9851588570108202,1.340131927606843,-0.4736736092984604,1.163700193253568,1,0,0,0,0,0,0,0,1,0,1,0
247,-0.3237127091800559,-0.47454519624983954,-0.4736736092984604,-0.4918744606632361,0,0,1,0,1,0,0,1,0,0,0,1
248,-0.3926006863479967,-0.47454519624983954,2.0089333664952354,-0.35646868933346404,0,1,0,0,0,0,1,1,0,0,0,1
249,0.5029430168352342,0.4327933656785018,0.7676298785983874,0.40974072380221066,1,0,0,0,0,1,0,0,1,0,0,1
250,1.6740386286902287,0.4327933656785018,-0.4736736092984604,-0.12491978668775715,0,1,0,0,0,0,0,0,1,0,0,1
251,0.0,-0.47454519624983954,-0.4736736092984604,-0.5024451714361923,0,0,1,0,0,1,0,0,1,0,0,1
252,-0.04816080050829252,0.4327933656785018,0.7676298785983874,-0.43776248884929375,0,0,1,0,0,0,1,1,0,0,0,1
253,2.225142446033755,-0.47454519624983954,-0.4736736092984604,-0.11384570873513637,1,0,0,0,0,1,0,0,1,0,0,1
254,0.020727176659648322,0.4327933656785018,-0.4736736092984604,-0.32425318983493084,0,0,1,0,0,1,0,0,1,0,0,1
255,0.7784949255069976,-0.47454519624983954,2.0089333664952354,-0.2414492887801075,0,0,1,0,0,0,1,1,0,0,0,1
256,-0.04816080050829252,-0.47454519624983954,2.0089333664952354,-0.3414522396297103,0,0,1,0,0,0,1,1,0,1,0,0
257,0.0,-0.47454519624983954,-0.4736736092984604,0.9462455716384695,1,0,0,0,0,0,1,1,0,1,0,0
258,0.020727176659648322,-0.47454519624983954,-0.4736736092984604,1.093228788100527,1,0,0,0,1,0,0,1,0,0,0,1
259,0.36516706249935255,-0.47454519624983954,-0.4736736092984604,9.667166525013505,1,0,0,0,1,0,0,1,0,1,0,0
260,1.3984867200184652,-0.47454519624983954,0.7676298785983874,-0.12491978668775715,0,1,0,0,0,0,1,1,0,0,0,1
261,0.0,-0.47454519624983954,-0.4736736092984604,-0.49237782784290063,0,0,1,0,0,1,0,0,1,0,1,0
262,-1.8392482068747544,3.1548090514635256,2.0089333664952354,-0.016444159470040135,0,0,1,1,0,0,0,0,1,0,0,1
263,1.5362626743543468,0.4327933656785018,0.7676298785983874,0.955306180872432,1,0,0,0,0,1,0,0,1,0,0,1
264,0.7096069483390568,-0.47454519624983954,-0.4736736092984604,-0.6484216535389205,1,0,0,0,0,1,0,0,1,0,0,1
265,0.0,-0.47454519624983954,-0.4736736092984604,-0.49237782784290063,0,0,1,0,1,0,0,1,0,0,1,0
266,0.43405503966729336,-0.47454519624983954,-0.4736736092984604,-0.43700743807979686,0,1,0,0,0,1,0,0,1,0,0,1
267,-0.9437045036915235,3.1548090514635256,0.7676298785983874,0.1506737441786005,0,0,1,0,0,1,0,0,1,0,0,1
268,-0.3237127091800559,0.4327933656785018,-0.4736736092984604,-0.4918744606632361,0,0,1,0,0,1,0,0,1,0,0,1
269,1.949590537361992,-0.47454519624983954,0.7676298785983874,2.441497778832105,1,0,0,0,0,0,1,1,0,0,0,1
270,0.36516706249935255,-0.47454519624983954,-0.4736736092984604,2.0825124140450755,1,0,0,0,1,0,0,1,0,0,0,1
271,0.0,-0.47454519624983954,-0.4736736092984604,-0.024246350754841113,1,0,0,0,0,1,0,0,1,0,0,1
272,-0.3237127091800559,-0.47454519624983954,-0.4736736092984604,-0.6484216535389205,0,0,1,0,0,1,0,0,1,0,0,1
273,0.7784949255069976,-0.47454519624983954,0.7676298785983874,-0.255795253400548,0,1,0,0,0,0,1,1,0,0,0,1
274,0.5029430168352342,-0.47454519624983954,0.7676298785983874,-0.05042144409739929,1,0,0,0,0,1,0,0,1,1,0,0
275,0.0,-0.47454519624983954,-0.4736736092984604,-0.49237782784290063,0,0,1,0,1,0,0,1,0,0,1,0
276,2.294030423201696,0.4327933656785018,-0.4736736092984604,0.921244330558889,1,0,0,0,1,0,0,1,0,0,0,1
277,1.054046834178761,-0.47454519624983954,-0.4736736092984604,-0.49237782784290063,0,0,1,0,1,0,0,1,0,0,0,1
278,0.0,-0.47454519624983954,-0.4736736092984604,-0.6484216535389205,0,1,0,0,0,1,0,0,1,0,0,1
279,-1.5636962982029912,3.1548090514635256,0.7676298785983874,-0.06199888922968463,0,0,1,1,0,0,0,0,1,0,1,0
280,0.36516706249935255,0.4327933656785018,0.7676298785983874,-0.24069423801061057,0,0,1,0,0,0,1,1,0,0,0,1
281,2.431806377537578,-0.47454519624983954,-0.4736736092984604,-0.49237782784290063,0,0,1,0,0,1,0,0,1,0,1,0
282,-0.11704877767623337,-0.47454519624983954,-0.4736736092984604,-0.4902797934380587,0,0,1,0,0,1,0,0,1,0,0,1
283,-0.9437045036915235,-0.47454519624983954,-0.4736736092984604,-0.45714212526638004,0,0,1,0,0,1,0,0,1,0,0,1
284,-0.7370405721877009,-0.47454519624983954,-0.4736736092984604,-0.4863374216869257,0,0,1,0,0,1,0,0,1,0,0,1
285,0.0,-0.47454519624983954,-0.4736736092984604,-0.12491978668775715,1,0,0,0,0,1,0,0,1,0,0,1
286,0.22739110816347086,-0.47454519624983954,-0.4736736092984604,-0.47400492578514347,0,0,1,0,0,1,0,0,1,1,0,0
287,0.020727176659648322,-0.47454519624983954,-0.4736736092984604,-0.45714212526638004,0,0,1,0,0,1,0,0,1,0,0,1
288,-0.5303766406838785,-0.47454519624983954,-0.4736736092984604,-0.4894421904510968,0,0,1,0,0,1,0,0,1,0,0,1
289,0.8473829026749384,-0.47454519624983954,-0.4736736092984604,-0.3866707201133388,0,1,0,0,0,1,0,0,1,0,0,1
290,-0.5303766406838785,-0.47454519624983954,-0.4736736092984604,-0.49237782784290063,0,0,1,0,1,0,0,1,0,0,1,0
291,-0.25482473201211503,-0.47454519624983954,-0.4736736092984604,0.9391984311231651,1,0,0,0,1,0,0,1,0,0,0,1
292,-0.7370405721877009,0.4327933656785018,-0.4736736092984604,1.1854295476653287,1,0,0,0,0,0,1,1,0,1,0,0
293,0.43405503966729336,-0.47454519624983954,-0.4736736092984604,-0.3891875560116617,0,1,0,0,0,1,0,0,1,1,0,0
294,-0.3926006863479967,-0.47454519624983954,-0.4736736092984604,-0.4702296719376591,0,0,1,0,1,0,0,1,0,0,0,1
295,-0.3926006863479967,-0.47454519624983954,-0.4736736092984604,-0.4894421904510968,0,0,1,0,0,1,0,0,1,0,0,1
296,0.0,-0.47454519624983954,-0.4736736092984604,-0.09027201697708476,1,0,0,0,0,1,0,0,1,1,0,0
297,-0.4270446749319672,-0.47454519624983954,-0.4736736092984604,-0.5028639729296732,0,0,1,0,0,1,0,0,1,1,0,0
298,-1.9081361840426954,0.4327933656785018,2.0089333664952354,2.4029901895877646,1,0,0,0,1,0,0,1,0,0,0,1
299,0.0,-0.47454519624983954,-0.4736736092984604,-0.034313694348132716,1,0,0,0,0,1,0,0,1,0,0,1
300,1.3984867200184652,-0.47454519624983954,0.7676298785983874,4.335332226633905,1,0,0,0,0,0,1,1,0,1,0,0
301,0.0,-0.47454519624983954,-0.4736736092984604,-0.49237782784290063,0,0,1,0,1,0,0,1,0,0,1,0
302,0.0,1.340131927606843,-0.4736736092984604,-0.18029017645086096,0,0,1,0,0,1,0,0,1,0,1,0
303,-0.7370405721877009,-0.47454519624983954,-0.4736736092984604,-0.6484216535389205,0,0,1,0,0,1,0,0,1,0,0,1
304,0.0,-0.47454519624983954,-0.4736736092984604,-0.3997582667846179,0,1,0,0,1,0,0,1,0,0,1,0
305,0.0,-0.47454519624983954,-0.4736736092984604,-0.4863374216869257,0,0,1,0,0,1,0,0,1,0,0,1
306,-1.9825351993840714,0.4327933656785018,2.0089333664952354,2.4029901895877646,1,0,0,1,0,0,0,0,1,0,0,1
307,0.0,-0.47454519624983954,-0.4736736092984604,1.5841789061771412,1,0,0,0,1,0,0,1,0,1,0,0
308,-0.8748165265235827,0.4327933656785018,-0.4736736092984604,1.5442457810799908,1,0,0,0,0,0,1,1,0,1,0,0
309,0.020727176659648322,0.4327933656785018,-0.4736736092984604,-0.16518916106092355,0,1,0,0,0,1,0,0,1,1,0,0
310,0.020727176659648322,-0.47454519624983954,-0.4736736092984604,0.49782998024351216,1,0,0,0,1,0,0,1,0,1,0,0
311,-0.3926006863479967,-0.47454519624983954,-0.4736736092984604,1.0259447039291216,1,0,0,0,1,0,0,1,0,1,0,0
312,-0.8059285493556418,1.340131927606843,2.0089333664952354,4.634416897040849,1,0,0,0,1,0,0,1,0,1,0,0
313,-0.25482473201211503,0.4327933656785018,0.7676298785983874,-0.12491978668775715,0,1,0,0,0,0,1,1,0,0,0,1
314,-0.11704877767623337,-0.47454519624983954,-0.4736736092984604,-0.4894421904510968,0,0,1,0,0,1,0,0,1,0,0,1
315,0.9162708798428792,0.4327933656785018,0.7676298785983874,-0.11988611489111134,0,1,0,0,0,1,0,0,1,0,0,1
316,-0.25482473201211503,-0.47454519624983954,-0.4736736092984604,-0.4902797934380587,0,0,1,0,1,0,0,1,0,0,0,1
317,-0.3926006863479967,0.4327933656785018,-0.4736736092984604,-0.12491978668775715,0,1,0,0,0,0,1,1,0,0,0,1
318,1.6740386286902287,-0.47454519624983954,-0.4736736092984604,-0.36653603292675563,0,1,0,0,0,0,0,0,1,0,0,1
319,0.08961515382758917,-0.47454519624983954,2.0089333664952354,2.671117778445337,1,0,0,0,1,0,0,1,0,0,0,1
320,0.7096069483390568,0.4327933656785018,0.7676298785983874,2.059693773056521,1,0,0,0,0,0,1,1,0,1,0,0
321,-0.5303766406838785,-0.47454519624983954,-0.4736736092984604,-0.5024451714361923,0,0,1,0,0,1,0,0,1,0,0,1
322,-0.1859367548441742,-0.47454519624983954,-0.4736736092984604,-0.4894421904510968,0,0,1,0,0,1,0,0,1,0,0,1
323,0.020727176659648322,-0.47454519624983954,-0.4736736092984604,-0.3997582667846179,0,1,0,0,1,0,0,1,0,0,1,0
324,-0.5303766406838785,0.4327933656785018,0.7676298785983874,-0.06451572512800753,0,1,0,0,0,0,1,1,0,0,0,1
325,0.0,6.784163299176891,2.0089333664952354,0.7519458402879414,0,0,1,0,0,1,0,0,1,0,0,1
326,0.43405503966729336,-0.47454519624983954,-0.4736736092984604,2.0825124140450755,1,0,0,0,1,0,0,1,0,1,0,0
327,2.1562544688658143,-0.47454519624983954,-0.4736736092984604,-0.5228315422126077,0,0,1,0,0,1,0,0,1,0,0,1
328,0.43405503966729336,-0.47454519624983954,-0.4736736092984604,-0.3866707201133388,0,1,0,0,0,0,1,1,0,0,0,1
329,0.08961515382758917,0.4327933656785018,0.7676298785983874,-0.2351571990343002,0,0,1,0,0,0,1,1,0,0,0,1
330,-0.9437045036915235,-0.47454519624983954,0.7676298785983874,0.5189714017894245,1,0,0,0,1,0,0,1,0,1,0,0
331,0.0,1.340131927606843,-0.4736736092984604,-0.18029017645086096,0,0,1,0,1,0,0,1,0,0,1,0
332,1.0884908227627315,-0.47454519624983954,-0.4736736092984604,-0.07458306872129913,1,0,0,0,0,1,0,0,1,0,0,1
333,0.571830994003175,-0.47454519624983954,0.7676298785983874,2.441497778832105,1,0,0,0,0,1,0,0,1,0,0,1
334,-0.9437045036915235,1.340131927606843,-0.4736736092984604,-0.2859972841804228,0,0,1,0,0,1,0,0,1,0,0,1
335,0.0,0.4327933656785018,-0.4736736092984604,2.042579288947925,1,0,0,0,0,0,1,1,0,0,0,1
336,0.0,-0.47454519624983954,-0.4736736092984604,-0.4894421904510968,0,0,1,0,0,1,0,0,1,0,0,1
337,-0.04816080050829252,0.4327933656785018,-0.4736736092984604,0.6925485130875209,1,0,0,0,0,1,0,0,1,0,0,1
338,0.7784949255069976,-0.47454519624983954,-0.4736736092984604,2.059693773056521,1,0,0,0,1,0,0,1,0,1,0,0
339,1.054046834178761,-0.47454519624983954,-0.4736736092984604,-0.4863374216869257,0,0,1,0,0,1,0,0,1,0,0,1
340,1.054046834178761,-0.47454519624983954,-0.4736736092984604,0.06635974158478332,1,0,0,0,0,1,0,0,1,0,0,1
341,-1.9081361840426954,0.4327933656785018,0.7676298785983874,-0.12491978668775715,0,1,0,1,0,0,0,0,1,0,0,1
342,-0.3926006863479967,2.2474704895351842,2.0089333664952354,4.647001076532463,1,0,0,0,1,0,0,1,0,0,0,1
343,-0.11704877767623337,-0.47454519624983954,-0.4736736092984604,-0.3866707201133388,0,1,0,0,0,1,0,0,1,0,0,1
344,-0.3237127091800559,-0.47454519624983954,-0.4736736092984604,-0.3866707201133388,0,1,0,0,0,1,0,0,1,0,0,1
345,0.43405503966729336,-0.47454519624983954,-0.4736736092984604,-0.3866707201133388,0,1,0,0,0,1,0,0,1,0,0,1
346,-0.3926006863479967,-0.47454519624983954,-0.4736736092984604,-0.3866707201133388,0,1,0,0,1,0,0,1,0,0,0,1
347,0.7096069483390568,-0.47454519624983954,-0.4736736092984604,-0.3866707201133388,0,1,0,0,1,0,0,1,0,0,0,1
348,0.0,0.4327933656785018,-0.4736736092984604,-0.32425318983493084,0,0,1,0,0,0,1,1,0,0,0,1
349,-1.8392482068747544,0.4327933656785018,0.7676298785983874,-0.32828012727224753,0,0,1,1,0,0,0,0,1,0,0,1
350,0.8473829026749384,-0.47454519624983954,-0.4736736092984604,-0.47400492578514347,0,0,1,0,0,1,0,0,1,0,0,1
351,-0.4614886635159376,-0.47454519624983954,-0.4736736092984604,-0.4626791642426904,0,0,1,0,0,1,0,0,1,0,0,1
352,0.0,-0.47454519624983954,-0.4736736092984604,0.05629239799149171,1,0,0,0,0,1,0,0,1,0,0,1
353,-1.0125924808594644,0.4327933656785018,0.7676298785983874,-0.5028639729296732,0,0,1,0,0,1,0,0,1,1,0,0
354,-0.3237127091800559,0.4327933656785018,-0.4736736092984604,-0.29002422161773944,0,0,1,0,0,1,0,0,1,0,0,1
355,0.0,-0.47454519624983954,-0.4736736092984604,-0.5029485386158568,0,0,1,0,0,1,0,0,1,1,0,0
356,-0.11704877767623337,-0.47454519624983954,-0.4736736092984604,-0.45714212526638004,0,0,1,0,0,1,0,0,1,0,0,1
357,-0.5303766406838785,-0.47454519624983954,0.7676298785983874,0.4589861417231558,1,0,0,0,1,0,0,1,0,0,0,1
358,0.571830994003175,-0.47454519624983954,-0.4736736092984604,-0.3866707201133388,0,1,0,0,1,0,0,1,0,0,0,1
359,0.0,-0.47454519624983954,-0.4736736092984604,-0.48977642625839407,0,0,1,0,1,0,0,1,0,0,1,0
360,0.0,-0.47454519624983954,-0.4736736092984604,-0.48977642625839407,0,0,1,0,1,0,0,1,0,0,1,0
361,0.7096069483390568,0.4327933656785018,4.491540342288931,-0.08666388103324908,0,0,1,0,0,1,0,0,1,0,0,1
362,-0.04816080050829252,0.4327933656785018,-0.4736736092984604,-0.09027201697708476,0,1,0,0,0,1,0,0,1,1,0,0
363,1.054046834178761,-0.47454519624983954,0.7676298785983874,-0.3573908580066095,0,0,1,0,0,0,1,1,0,1,0,0
364,0.36516706249935255,-0.47454519624983954,-0.4736736092984604,-0.5064721088735089,0,0,1,0,0,1,0,0,1,0,0,1
365,0.0,0.4327933656785018,-0.4736736092984604,-0.3363340021468808,0,0,1,0,0,1,0,0,1,0,1,0
366,0.020727176659648322,-0.47454519624983954,-0.4736736092984604,-0.5024451714361923,0,0,1,0,0,1,0,0,1,0,0,1
367,2.087366491697874,0.4327933656785018,-0.4736736092984604,0.8667135572514657,1,0,0,0,0,0,1,1,0,1,0,0
368,0.0,-0.47454519624983954,-0.4736736092984604,-0.5028639729296732,0,0,1,0,0,0,1,1,0,1,0,0
369,0.0,-0.47454519624983954,-0.4736736092984604,-0.49237782784290063,0,0,1,0,1,0,0,1,0,0,1,0
370,-0.3926006863479967,-0.47454519624983954,-0.4736736092984604,0.7469121684912956,1,0,0,0,0,0,0,1,0,1,0,0
371,-0.3237127091800559,0.4327933656785018,-0.4736736092984604,0.4678796330534696,1,0,0,0,0,1,0,0,1,1,0,0
372,-0.8059285493556418,0.4327933656785018,-0.4736736092984604,-0.5176307525123133,0,0,1,0,0,1,0,0,1,0,0,1
373,-0.7370405721877009,-0.47454519624983954,-0.4736736092984604,-0.4863374216869257,0,0,1,0,0,1,0,0,1,0,0,1
374,-0.5303766406838785,-0.47454519624983954,-0.4736736092984604,2.0825124140450755,1,0,0,0,0,1,0,0,1,1,0,0
375,-1.8392482068747544,2.2474704895351842,0.7676298785983874,-0.22408312108167944,0,0,1,0,1,0,0,1,0,0,0,1
376,0.0,0.4327933656785018,-0.4736736092984604,1.0060617003323709,1,0,0,0,0,0,1,1,0,1,0,0
377,-0.5303766406838785,-0.47454519624983954,-0.4736736092984604,-0.5024451714361923,0,0,1,0,1,0,0,1,0,0,0,1
378,-0.1859367548441742,-0.47454519624983954,2.0089333664952354,3.610064686423428,1,0,0,0,0,1,0,0,1,1,0,0
379,-0.6681525950197601,-0.47454519624983954,-0.4736736092984604,-0.5676312212027554,0,0,1,0,0,1,0,0,1,1,0,0
380,-0.7370405721877009,-0.47454519624983954,-0.4736736092984604,-0.4918744606632361,0,0,1,0,0,1,0,0,1,0,0,1
381,0.8473829026749384,-0.47454519624983954,-0.4736736092984604,3.9327230485884233,1,0,0,0,1,0,0,1,0,1,0,0
382,-1.977024161210636,-0.47454519624983954,2.0089333664952354,-0.33146744825388363,0,0,1,0,1,0,0,1,0,1,0,0
383,0.15850313099553,-0.47454519624983954,-0.4736736092984604,-0.4888542575852486,0,0,1,0,0,1,0,0,1,0,0,1
384,0.36516706249935255,0.4327933656785018,-0.4736736092984604,0.39858208016340624,1,0,0,0,0,0,1,1,0,0,0,1
385,0.0,-0.47454519624983954,-0.4736736092984604,-0.4894421904510968,0,0,1,0,0,1,0,0,1,0,0,1
386,-0.8059285493556418,-0.47454519624983954,-0.4736736092984604,0.8314778546749452,0,1,0,0,0,1,0,0,1,0,0,1
387,-1.977024161210636,4.0621476133918675,2.0089333664952354,0.2958951755118318,0,0,1,1,0,0,0,0,1,0,0,1
388,0.43405503966729336,-0.47454519624983954,-0.4736736092984604,-0.3866707201133388,0,1,0,0,1,0,0,1,0,0,0,1
389,0.0,-0.47454519624983954,-0.4736736092984604,-0.49279662933638163,0,0,1,0,0,1,0,0,1,0,1,0
390,-0.8748165265235827,-0.47454519624983954,-0.4736736092984604,-0.40680540729992204,0,1,0,0,1,0,0,1,0,1,0,0
391,0.43405503966729336,0.4327933656785018,2.0089333664952354,1.7677408088510642,1,0,0,0,0,1,0,0,1,0,0,1
392,-0.5992646178518193,-0.47454519624983954,-0.4736736092984604,-0.49145565916975514,0,0,1,0,0,1,0,0,1,0,0,1
393,-0.11704877767623337,1.340131927606843,-0.4736736092984604,-0.4888542575852486,0,0,1,0,0,1,0,0,1,0,0,1
394,-0.4614886635159376,0.4327933656785018,-0.4736736092984604,1.6323350375212924,1,0,0,0,1,0,0,1,0,1,0,0
395,-0.3926006863479967,-0.47454519624983954,2.0089333664952354,-0.312172377522981,0,0,1,0,0,0,1,1,0,0,0,1
396,-0.5303766406838785,-0.47454519624983954,-0.4736736092984604,-0.49145565916975514,0,0,1,0,0,1,0,0,1,0,0,1
397,0.08961515382758917,-0.47454519624983954,-0.4736736092984604,-0.4902797934380587,0,0,1,0,1,0,0,1,0,0,0,1
398,1.122934811346702,-0.47454519624983954,-0.4736736092984604,-0.12491978668775715,0,1,0,0,0,1,0,0,1,0,0,1
399,-0.4614886635159376,-0.47454519624983954,-0.4736736092984604,-0.43700743807979686,0,1,0,0,0,0,0,0,1,0,0,1
400,-0.11704877767623337,-0.47454519624983954,-0.4736736092984604,-0.393717860628643,0,1,0,0,0,0,1,1,0,0,0,1
401,0.6407189711711159,-0.47454519624983954,-0.4736736092984604,-0.4888542575852486,0,0,1,0,0,1,0,0,1,0,0,1
402,-0.25482473201211503,-0.47454519624983954,-0.4736736092984604,-0.4863374216869257,0,0,1,0,0,1,0,0,1,0,0,1
403,-0.5992646178518193,0.4327933656785018,-0.4736736092984604,-0.4505983519307405,0,0,1,0,1,0,0,1,0,0,0,1
404,-0.11704877767623337,0.4327933656785018,-0.4736736092984604,-0.32928686163157667,0,0,1,0,0,1,0,0,1,0,0,1
405,-0.6681525950197601,-0.47454519624983954,-0.4736736092984604,-0.47400492578514347,0,0,1,0,1,0,0,1,0,0,0,1
406,0.2962790853314117,0.4327933656785018,-0.4736736092984604,-0.22559322262067316,0,1,0,0,0,1,0,0,1,0,0,1
407,1.4673746971864061,-0.47454519624983954,-0.4736736092984604,-0.49237782784290063,0,0,1,0,0,1,0,0,1,0,0,1
408,-1.8392482068747544,0.4327933656785018,0.7676298785983874,-0.2708962687904854,0,1,0,1,0,0,0,0,1,0,0,1
409,-0.5992646178518193,-0.47454519624983954,-0.4736736092984604,-0.4918744606632361,0,0,1,0,0,1,0,0,1,0,0,1
410,0.0,2.2474704895351842,0.7676298785983874,-0.13565761536436197,0,0,1,0,1,0,0,1,0,0,0,1
411,0.0,-0.47454519624983954,-0.4736736092984604,-0.4894421904510968,0,0,1,0,0,1,0,0,1,0,0,1
412,0.0,-0.47454519624983954,-0.4736736092984604,-0.5103319284071769,0,0,1,0,0,1,0,0,1,0,1,0
413,0.22739110816347086,0.4327933656785018,-0.4736736092984604,1.163700193253568,1,0,0,0,1,0,0,1,0,0,1,0
414,0.0,-0.47454519624983954,-0.4736736092984604,-0.6484216535389205,0,1,0,0,0,1,0,0,1,0,0,1
415,0.9851588570108202,-0.47454519624983954,-0.4736736092984604,-0.4888542575852486,0,0,1,0,0,1,0,0,1,0,0,1
416,0.0,-0.47454519624983954,-0.4736736092984604,-0.4863374216869257,0,0,1,0,0,0,1,1,0,0,0,1
417,0.2962790853314117,0.4327933656785018,0.7676298785983874,0.005955680025033696,0,1,0,0,0,0,1,1,0,0,0,1
418,-0.8059285493556418,-0.47454519624983954,2.0089333664952354,-0.3866707201133388,0,1,0,0,1,0,0,1,0,0,0,1
419,0.020727176659648322,-0.47454519624983954,-0.4736736092984604,-0.3866707201133388,0,1,0,0,0,1,0,0,1,0,0,1
420,-1.3570323666991686,-0.47454519624983954,2.0089333664952354,-0.1621689579829361,0,0,1,0,1,0,0,1,0,0,0,1
421,0.0,-0.47454519624983954,-0.4736736092984604,-0.4894421904510968,0,0,1,0,0,1,0,0,1,1,0,0
422,-0.5992646178518193,-0.47454519624983954,-0.4736736092984604,-0.49271407711891657,0,0,1,0,0,1,0,0,1,0,1,0
423,-0.04816080050829252,-0.47454519624983954,-0.4736736092984604,-0.4898609919445778,0,0,1,0,0,1,0,0,1,0,0,1
424,-0.11704877767623337,0.4327933656785018,0.7676298785983874,-0.35848215805212236,0,0,1,0,0,0,1,1,0,0,0,1
425,-0.8059285493556418,0.4327933656785018,0.7676298785983874,-0.2414492887801075,0,0,1,0,0,1,0,0,1,0,0,1
426,0.0,-0.47454519624983954,-0.4736736092984604,-0.5024451714361923,0,0,1,0,0,1,0,0,1,0,0,1
427,-0.11704877767623337,0.4327933656785018,-0.4736736092984604,-0.12491978668775715,0,1,0,0,0,0,1,1,0,0,0,1
428,-0.7370405721877009,-0.47454519624983954,-0.4736736092984604,-0.12491978668775715,0,1,0,0,1,0,0,1,0,0,0,1
429,0.0,-0.47454519624983954,-0.4736736092984604,-0.49237782784290063,0,0,1,0,0,1,0,0,1,0,1,0
430,0.15850313099553,-0.47454519624983954,-0.4736736092984604,-0.4863374216869257,0,0,1,0,0,1,0,0,1,0,0,1
431,-0.11704877767623337,-0.47454519624983954,-0.4736736092984604,-0.11384570873513637,1,0,0,0,0,1,0,0,1,0,0,1
432,0.0,0.4327933656785018,-0.4736736092984604,-0.32425318983493084,0,0,1,0,0,0,1,1,0,0,0,1
433,0.8473829026749384,0.4327933656785018,-0.4736736092984604,-0.12491978668775715,0,1,0,0,0,0,1,1,0,0,0,1
434,-0.8748165265235827,-0.47454519624983954,-0.4736736092984604,-0.5049620073345151,0,0,1,0,0,1,0,0,1,0,0,1
435,1.3984867200184652,0.4327933656785018,-0.4736736092984604,0.4771073601910807,1,0,0,0,0,1,0,0,1,0,0,1
436,-1.0814804580274051,0.4327933656785018,2.0089333664952354,1.7677408088510642,1,0,0,0,1,0,0,1,0,0,0,1
437,-0.5992646178518193,1.340131927606843,2.0089333664952354,0.04370821849987721,0,0,1,0,1,0,0,1,0,0,0,1
438,-0.3926006863479967,1.340131927606843,3.250236854392083,-0.2708962687904854,0,1,0,0,0,0,1,1,0,0,0,1
439,2.362918400369637,0.4327933656785018,4.491540342288931,4.647001076532463,1,0,0,0,0,1,0,0,1,0,0,1
440,0.08961515382758917,-0.47454519624983954,-0.4736736092984604,-0.43700743807979686,0,1,0,0,0,1,0,0,1,0,0,1
441,1.054046834178761,0.4327933656785018,0.7676298785983874,-0.11988611489111134,0,1,0,0,0,0,1,1,0,0,0,1
442,-0.6681525950197601,-0.47454519624983954,-0.4736736092984604,-0.45714212526638004,0,0,1,0,0,1,0,0,1,0,0,1
443,-0.3237127091800559,0.4327933656785018,-0.4736736092984604,-0.4918744606632361,0,0,1,0,0,1,0,0,1,0,0,1
444,-0.11704877767623337,-0.47454519624983954,-0.4736736092984604,-0.3866707201133388,0,1,0,0,0,0,0,1,0,0,0,1
445,0.0,-0.47454519624983954,-0.4736736092984604,-0.48507900373776425,0,0,1,0,0,1,0,0,1,0,0,1
446,-1.7703602297068137,-0.47454519624983954,2.0089333664952354,0.9997696105865636,1,0,0,1,0,0,0,0,1,0,0,1
447,-1.150368435195346,-0.47454519624983954,0.7676298785983874,-0.255795253400548,0,1,0,0,1,0,0,1,0,0,0,1
448,0.2962790853314117,-0.47454519624983954,-0.4736736092984604,-0.11384570873513637,1,0,0,0,0,1,0,0,1,0,0,1
449,-1.7014722525388728,1.340131927606843,0.7676298785983874,-0.26066180729354516,0,0,1,0,1,0,0,1,0,1,0,0
450,1.5362626743543468,-0.47454519624983954,-0.4736736092984604,-0.034313694348132716,1,0,0,0,0,0,0,0,1,0,0,1
451,0.43405503966729336,0.4327933656785018,2.0089333664952354,-0.08968408411123653,0,1,0,0,0,1,0,0,1,0,0,1
452,0.0,0.4327933656785018,-0.4736736092984604,-0.2463983948905696,0,0,1,0,0,1,0,0,1,0,0,1
453,0.020727176659648322,-0.47454519624983954,-0.4736736092984604,-0.08968408411123653,1,0,0,0,0,1,0,0,1,1,0,0
454,1.3295987428505243,0.4327933656785018,-0.4736736092984604,1.145663540471827,1,0,0,0,0,1,0,0,1,1,0,0
455,0.0,-0.47454519624983954,-0.4736736092984604,-0.4863374216869257,0,0,1,0,0,1,0,0,1,0,0,1
456,-0.04816080050829252,-0.47454519624983954,-0.4736736092984604,-0.4894421904510968,0,0,1,0,0,1,0,0,1,1,0,0
457,2.431806377537578,-0.47454519624983954,-0.4736736092984604,-0.11384570873513637,1,0,0,0,0,1,0,0,1,0,0,1
458,0.0,0.4327933656785018,-0.4736736092984604,0.395813560675251,1,0,0,0,0,0,1,1,0,0,0,1
459,1.3984867200184652,-0.47454519624983954,-0.4736736092984604,-0.43700743807979686,0,1,0,0,1,0,0,1,0,0,0,1
460,0.0,-0.47454519624983954,-0.4736736092984604,-0.49237782784290063,0,0,1,0,0,1,0,0,1,0,1,0
461,1.2607107656825836,-0.47454519624983954,-0.4736736092984604,-0.11384570873513637,1,0,0,0,0,1,0,0,1,0,0,1
462,0.2962790853314117,-0.47454519624983954,-0.4736736092984604,-0.4863374216869257,0,0,1,0,0,1,0,0,1,0,0,1
463,1.1918227885146426,-0.47454519624983954,-0.4736736092984604,0.12676380314453292,1,0,0,0,0,1,0,0,1,0,0,1
464,1.2607107656825836,-0.47454519624983954,-0.4736736092984604,-0.3866707201133388,0,1,0,0,0,1,0,0,1,0,0,1
465,0.0,-0.47454519624983954,-0.4736736092984604,-0.4863374216869257,0,0,1,0,0,1,0,0,1,0,0,1
466,0.571830994003175,-0.47454519624983954,-0.4736736092984604,-0.5064721088735089,0,0,1,0,0,1,0,0,1,0,0,1
467,0.0,-0.47454519624983954,-0.4736736092984604,-0.6484216535389205,0,1,0,0,0,1,0,0,1,0,0,1
468,1.8118145830261103,-0.47454519624983954,-0.4736736092984604,-0.11384570873513637,1,0,0,0,0,1,0,0,1,0,0,1
469,0.0,-0.47454519624983954,-0.4736736092984604,-0.4928811950225652,0,0,1,0,0,1,0,0,1,0,1,0
470,-1.9942461555026214,1.340131927606843,0.7676298785983874,-0.26066180729354516,0,0,1,0,1,0,0,1,0,1,0,0
471,0.0,-0.47454519624983954,-0.4736736092984604,-0.5024451714361923,0,0,1,0,0,1,0,0,1,0,0,1
472,0.571830994003175,-0.47454519624983954,-0.4736736092984604,-0.47400492578514347,0,0,1,0,0,1,0,0,1,0,0,1
473,0.22739110816347086,0.4327933656785018,2.0089333664952354,-0.08968408411123653,0,1,0,0,0,0,1,1,0,0,0,1
474,-0.4614886635159376,-0.47454519624983954,-0.4736736092984604,-0.3707300882677209,0,1,0,0,0,0,1,1,0,1,0,0
475,-0.5303766406838785,-0.47454519624983954,-0.4736736092984604,-0.45034666834090825,0,0,1,0,1,0,0,1,0,0,0,1
476,0.0,-0.47454519624983954,-0.4736736092984604,0.39858208016340624,1,0,0,0,0,1,0,0,1,0,0,1
477,0.2962790853314117,0.4327933656785018,-0.4736736092984604,-0.22559322262067316,0,1,0,0,0,1,0,0,1,0,0,1
478,-0.04816080050829252,0.4327933656785018,-0.4736736092984604,-0.5065566745596926,0,0,1,0,0,1,0,0,1,0,0,1
479,-0.5303766406838785,-0.47454519624983954,-0.4736736092984604,-0.4969926981460655,0,0,1,0,0,1,0,0,1,0,0,1
480,-1.9081361840426954,-0.47454519624983954,0.7676298785983874,-0.4010166847337793,0,0,1,0,1,0,0,1,0,0,0,1
481,-1.4259203438671093,4.0621476133918675,2.0089333664952354,0.2958951755118318,0,0,1,1,0,0,0,0,1,0,0,1
482,0.0,-0.47454519624983954,-0.4736736092984604,-0.6484216535389205,0,1,0,0,0,1,0,0,1,0,0,1
483,1.3984867200184652,-0.47454519624983954,-0.4736736092984604,-0.4863374216869257,0,0,1,0,0,1,0,0,1,0,0,1
484,2.294030423201696,-0.47454519624983954,-0.4736736092984604,-0.455380340137554,0,0,1,0,0,0,1,1,0,0,0,1
485,-0.3237127091800559,0.4327933656785018,-0.4736736092984604,1.1854295476653287,1,0,0,0,0,1,0,0,1,1,0,0
486,0.0,2.2474704895351842,0.7676298785983874,-0.13565761536436197,0,0,1,0,1,0,0,1,0,0,0,1
487,0.36516706249935255,0.4327933656785018,-0.4736736092984604,1.163700193253568,1,0,0,0,0,0,1,1,0,0,0,1
488,1.949590537361992,-0.47454519624983954,-0.4736736092984604,-0.05042144409739929,1,0,0,0,0,1,0,0,1,1,0,0
489,0.020727176659648322,-0.47454519624983954,-0.4736736092984604,-0.4863374216869257,0,0,1,0,0,1,0,0,1,0,0,1
490,-1.4259203438671093,0.4327933656785018,0.7676298785983874,-0.32828012727224753,0,0,1,1,0,0,0,0,1,0,0,1
491,0.0,0.4327933656785018,-0.4736736092984604,-0.2463983948905696,0,0,1,0,0,1,0,0,1,0,0,1
492,-0.5992646178518193,-0.47454519624983954,-0.4736736092984604,-0.5024451714361923,0,0,1,0,0,1,0,0,1,0,0,1
493,1.7429266058581694,-0.47454519624983954,-0.4736736092984604,-0.034313694348132716,1,0,0,0,0,1,0,0,1,0,0,1
494,2.845134240545223,-0.47454519624983954,-0.4736736092984604,0.3483299278831318,1,0,0,0,0,1,0,0,1,1,0,0
495,-0.5992646178518193,-0.47454519624983954,-0.4736736092984604,-0.4863374216869257,0,0,1,0,0,1,0,0,1,0,0,1
496,0.0,-0.47454519624983954,-0.4736736092984604,-0.3573083057891445,0,0,1,0,0,1,0,0,1,1,0,0
497,1.6740386286902287,0.4327933656785018,-0.4736736092984604,0.9274538680872313,1,0,0,0,1,0,0,1,0,1,0,0
498,0.0,-0.47454519624983954,-0.4736736092984604,-0.3443878770215141,0,0,1,0,0,1,0,0,1,0,0,1
499,-0.3237127091800559,0.4327933656785018,2.0089333664952354,2.4029901895877646,1,0,0,0,0,0,1,1,0,0,0,1
500,-0.3926006863479967,-0.47454519624983954,-0.4736736092984604,-0.49145565916975514,0,0,1,0,0,1,0,0,1,0,0,1
501,-0.8748165265235827,-0.47454519624983954,-0.4736736092984604,-0.47400492578514347,0,0,1,0,0,1,0,0,1,0,0,1
502,-0.5992646178518193,-0.47454519624983954,-0.4736736092984604,-0.49237782784290063,0,0,1,0,1,0,0,1,0,0,1,0
503,0.0,-0.47454519624983954,-0.4736736092984604,-0.4948100980550399,0,0,1,0,1,0,0,1,0,0,1,0
504,0.5029430168352342,-0.47454519624983954,-0.4736736092984604,-0.455380340137554,0,0,1,0,1,0,0,1,0,0,0,1
505,-0.9437045036915235,-0.47454519624983954,-0.4736736092984604,1.093228788100527,1,0,0,0,1,0,0,1,0,0,0,1
506,-0.8059285493556418,0.4327933656785018,-0.4736736092984604,1.5442457810799908,1,0,0,0,0,1,0,0,1,1,0,0
507,0.22739110816347086,-0.47454519624983954,2.0089333664952354,-0.12491978668775715,0,1,0,0,0,0,1,1,0,0,0,1
508,0.0,-0.47454519624983954,-0.4736736092984604,-0.11384570873513637,1,0,0,0,0,1,0,0,1,0,0,1
509,-0.11704877767623337,-0.47454519624983954,-0.4736736092984604,-0.1948878246611338,0,0,1,0,0,1,0,0,1,0,0,1
510,-0.25482473201211503,-0.47454519624983954,-0.4736736092984604,0.48910360681684706,0,0,1,0,0,1,0,0,1,0,0,1
511,-0.04816080050829252,-0.47454519624983954,-0.4736736092984604,-0.49237782784290063,0,0,1,0,0,1,0,0,1,0,1,0
512,0.0,-0.47454519624983954,-0.4736736092984604,-0.4863374216869257,0,0,1,0,0,1,0,0,1,0,0,1
513,0.43405503966729336,-0.47454519624983954,-0.4736736092984604,-0.11913106412161445,1,0,0,0,0,1,0,0,1,0,0,1
514,1.6740386286902287,0.4327933656785018,-0.4736736092984604,0.5475787653441219,1,0,0,0,0,0,1,1,0,1,0,0
515,-0.3926006863479967,-0.47454519624983954,-0.4736736092984604,-0.4974960653257301,0,0,1,0,0,1,0,0,1,0,0,1
516,1.1918227885146426,-0.47454519624983954,-0.4736736092984604,0.036576512298389464,1,0,0,0,0,1,0,0,1,0,0,1
517,0.2962790853314117,-0.47454519624983954,-0.4736736092984604,-0.43700743807979686,0,1,0,0,0,0,1,1,0,0,0,1
518,0.0,-0.47454519624983954,-0.4736736092984604,-0.1621689579829361,0,0,1,0,0,1,0,0,1,0,1,0
519,0.43405503966729336,0.4327933656785018,-0.4736736092984604,-0.12491978668775715,0,1,0,0,0,0,1,1,0,0,0,1
520,0.15850313099553,-0.47454519624983954,-0.4736736092984604,-0.4894421904510968,0,0,1,0,0,1,0,0,1,0,0,1
521,0.020727176659648322,-0.47454519624983954,-0.4736736092984604,1.2341715984066093,1,0,0,0,1,0,0,1,0,0,0,1
522,-0.5303766406838785,-0.47454519624983954,-0.4736736092984604,-0.4894421904510968,0,0,1,0,0,1,0,0,1,0,0,1
523,0.0,-0.47454519624983954,-0.4736736092984604,-0.5029485386158568,0,0,1,0,0,1,0,0,1,1,0,0
524,0.9851588570108202,-0.47454519624983954,0.7676298785983874,0.5189714017894245,1,0,0,0,0,0,1,1,0,1,0,0
525,0.0,-0.47454519624983954,-0.4736736092984604,-0.5028639729296732,0,0,1,0,0,1,0,0,1,1,0,0
526,0.7440509369230272,-0.47454519624983954,-0.4736736092984604,-0.49237782784290063,0,0,1,0,0,1,0,0,1,0,1,0
527,1.3984867200184652,-0.47454519624983954,-0.4736736092984604,-0.43700743807979686,0,1,0,0,1,0,0,1,0,0,0,1
528,0.0,-0.47454519624983954,-0.4736736092984604,3.817033162951754,1,0,0,0,0,1,0,0,1,0,0,1
529,0.6407189711711159,-0.47454519624983954,-0.4736736092984604,-0.4888542575852486,0,0,1,0,0,1,0,0,1,0,0,1
530,-0.4614886635159376,1.340131927606843,0.7676298785983874,-0.41687275089321363,0,1,0,0,0,1,0,0,1,0,0,1
531,-1.9081361840426954,0.4327933656785018,0.7676298785983874,-0.12491978668775715,0,1,0,0,1,0,0,1,0,0,0,1
532,0.0,-0.47454519624983954,-0.4736736092984604,-0.5028639729296732,0,0,1,0,0,1,0,0,1,1,0,0
533,-0.8748165265235827,0.4327933656785018,0.7676298785983874,-0.5028639729296732,0,0,1,0,0,1,0,0,1,1,0,0
534,0.0,-0.47454519624983954,2.0089333664952354,-0.19824427701513722,0,0,1,0,0,0,1,1,0,1,0,0
535,0.020727176659648322,-0.47454519624983954,-0.4736736092984604,-0.47400492578514347,0,0,1,0,1,0,0,1,0,0,0,1
536,-1.5636962982029912,-0.47454519624983954,2.0089333664952354,-0.11988611489111134,0,1,0,0,1,0,0,1,0,0,0,1
537,1.054046834178761,-0.47454519624983954,-0.4736736092984604,-0.11384570873513637,1,0,0,0,0,0,0,0,1,0,0,1
538,0.020727176659648322,-0.47454519624983954,-0.4736736092984604,1.4944124302931971,1,0,0,0,1,0,0,1,0,1,0,0
539,0.0,-0.47454519624983954,-0.4736736092984604,-0.35646868933346404,0,0,1,0,0,1,0,0,1,0,0,1
540,-0.5303766406838785,-0.47454519624983954,2.0089333664952354,0.3482453621969482,1,0,0,0,1,0,0,1,0,1,0,0
541,0.43405503966729336,-0.47454519624983954,2.0089333664952354,0.7811411367084872,1,0,0,0,1,0,0,1,0,0,0,1
542,-1.4259203438671093,3.1548090514635256,2.0089333664952354,-0.01870931177853076,0,0,1,0,1,0,0,1,0,0,0,1
543,-1.2881443895312277,3.1548090514635256,2.0089333664952354,-0.01870931177853076,0,0,1,0,1,0,0,1,0,0,0,1
544,0.15850313099553,0.4327933656785018,-0.4736736092984604,-0.12491978668775715,0,1,0,0,0,1,0,0,1,0,0,1
545,1.3984867200184652,0.4327933656785018,-0.4736736092984604,1.4944124302931971,1,0,0,0,0,1,0,0,1,1,0,0
546,2.362918400369637,-0.47454519624983954,-0.4736736092984604,-0.12491978668775715,1,0,0,0,0,1,0,0,1,0,0,1
547,-0.7370405721877009,0.4327933656785018,-0.4736736092984604,-0.12491978668775715,0,1,0,0,0,0,1,1,0,0,0,1
548,0.0,-0.47454519624983954,-0.4736736092984604,-0.3693045524149108,0,1,0,0,0,1,0,0,1,1,0,0
549,0.22739110816347086,0.4327933656785018,0.7676298785983874,-0.2351571990343002,0,0,1,0,0,1,0,0,1,0,0,1
550,-1.4948083210350502,0.4327933656785018,0.7676298785983874,0.09152810056801232,0,1,0,1,0,0,0,0,1,0,0,1
551,-0.8748165265235827,-0.47454519624983954,2.0089333664952354,1.5841789061771412,1,0,0,0,0,1,0,0,1,1,0,0
552,-0.1859367548441742,-0.47454519624983954,-0.4736736092984604,-0.12491978668775715,0,1,0,0,0,1,0,0,1,0,0,1
553,0.0,-0.47454519624983954,-0.4736736092984604,-0.49078316061772326,0,0,1,0,0,1,0,0,1,0,1,0
554,-0.5303766406838785,-0.47454519624983954,-0.4736736092984604,-0.5029485386158568,0,0,1,0,0,1,0,0,1,1,0,0
555,-0.5303766406838785,-0.47454519624983954,-0.4736736092984604,-0.4918744606632361,0,0,1,0,1,0,0,1,0,0,0,1
556,2.225142446033755,-0.47454519624983954,-0.4736736092984604,-0.11384570873513637,1,0,0,0,0,1,0,0,1,0,0,1
557,1.2607107656825836,0.4327933656785018,-0.4736736092984604,0.1489119590497745,1,0,0,0,0,0,0,1,0,1,0,0
558,0.0,-0.47454519624983954,-0.4736736092984604,3.9327230485884233,1,0,0,0,0,1,0,0,1,1,0,0
559,0.6407189711711159,0.4327933656785018,0.7676298785983874,0.955306180872432,1,0,0,0,0,0,1,1,0,0,0,1
560,0.43405503966729336,0.4327933656785018,-0.4736736092984604,-0.29807809649237277,0,0,1,0,0,0,1,1,0,0,0,1
561,0.0,-0.47454519624983954,-0.4736736092984604,-0.49237782784290063,0,0,1,0,0,1,0,0,1,0,1,0
562,0.7096069483390568,-0.47454519624983954,-0.4736736092984604,-0.4894421904510968,0,0,1,0,0,1,0,0,1,0,0,1
563,-0.11704877767623337,-0.47454519624983954,-0.4736736092984604,-0.3766033765200472,0,1,0,0,0,1,0,0,1,0,0,1
564,0.0,-0.47454519624983954,-0.4736736092984604,-0.4863374216869257,0,0,1,0,0,1,0,0,1,0,0,1
565,0.0,-0.47454519624983954,-0.4736736092984604,-0.4863374216869257,0,0,1,0,1,0,0,1,0,0,0,1
566,-0.3926006863479967,1.340131927606843,-0.4736736092984604,-0.1621689579829361,0,0,1,0,0,1,0,0,1,0,0,1
567,-0.7370405721877009,-0.47454519624983954,-0.4736736092984604,-0.4894421904510968,0,0,1,0,0,1,0,0,1,0,0,1
568,-0.04816080050829252,-0.47454519624983954,4.491540342288931,-0.22408312108167944,0,0,1,0,0,0,1,1,0,0,0,1
569,0.0,-0.47454519624983954,-0.4736736092984604,-0.5028639729296732,0,0,1,0,0,1,0,0,1,1,0,0
570,0.15850313099553,-0.47454519624983954,-0.4736736092984604,-0.4902797934380587,0,0,1,0,0,1,0,0,1,0,0,1
571,2.225142446033755,-0.47454519624983954,-0.4736736092984604,-0.43700743807979686,0,1,0,0,0,1,0,0,1,0,0,1
572,1.6051506515222878,1.340131927606843,-0.4736736092984604,0.38809593507663365,1,0,0,0,0,0,1,1,0,0,0,1
573,0.43405503966729336,-0.47454519624983954,-0.4736736092984604,-0.11711759540295616,1,0,0,0,0,1,0,0,1,0,0,1
574,0.0,-0.47454519624983954,-0.4736736092984604,-0.49237782784290063,0,0,1,0,1,0,0,1,0,0,1,0
575,-0.9437045036915235,-0.47454519624983954,-0.4736736092984604,-0.4863374216869257,0,0,1,0,0,1,0,0,1,0,0,1
576,-0.7370405721877009,-0.47454519624983954,-0.4736736092984604,-0.35646868933346404,0,0,1,0,0,1,0,0,1,0,0,1
577,0.2962790853314117,-0.47454519624983954,-0.4736736092984604,-0.3866707201133388,0,1,0,0,1,0,0,1,0,0,0,1
578,0.6407189711711159,0.4327933656785018,-0.4736736092984604,0.4771073601910807,1,0,0,0,0,0,1,1,0,0,0,1
579,0.0,0.4327933656785018,-0.4736736092984604,-0.3573083057891445,0,0,1,0,0,0,1,1,0,1,0,0
580,0.15850313099553,-0.47454519624983954,-0.4736736092984604,-0.4888542575852486,0,0,1,0,0,1,0,0,1,0,0,1
581,-0.3237127091800559,0.4327933656785018,0.7676298785983874,-0.04438103794142432,0,1,0,0,1,0,0,1,0,0,0,1
582,0.6407189711711159,0.4327933656785018,0.7676298785983874,1.5841789061771412,1,0,0,0,0,0,1,1,0,1,0,0
583,1.6740386286902287,-0.47454519624983954,-0.4736736092984604,-0.12491978668775715,0,1,0,0,0,1,0,0,1,0,0,1
584,0.43405503966729336,-0.47454519624983954,-0.4736736092984604,0.15948266982273065,1,0,0,0,0,1,0,0,1,1,0,0
585,0.0,-0.47454519624983954,-0.4736736092984604,-0.47299819142581434,0,0,1,0,0,1,0,0,1,1,0,0
586,-0.8059285493556418,-0.47454519624983954,2.0089333664952354,0.955306180872432,1,0,0,0,1,0,0,1,0,0,0,1
587,1.1918227885146426,-0.47454519624983954,-0.4736736092984604,-0.3464013457401724,0,1,0,0,0,1,0,0,1,0,0,1
588,2.087366491697874,0.4327933656785018,0.7676298785983874,0.9462455716384695,1,0,0,0,0,1,0,0,1,1,0,0
589,-0.5303766406838785,-0.47454519624983954,-0.4736736092984604,-0.4863374216869257,0,0,1,0,0,1,0,0,1,0,0,1
590,0.0,-0.47454519624983954,-0.4736736092984604,-0.4863374216869257,0,0,1,0,0,1,0,0,1,0,0,1
591,0.36516706249935255,-0.47454519624983954,-0.4736736092984604,-0.5049620073345151,0,0,1,0,0,1,0,0,1,0,0,1
592,1.5362626743543468,0.4327933656785018,-0.4736736092984604,0.9274538680872313,1,0,0,0,0,0,1,1,0,1,0,0
593,1.1918227885146426,-0.47454519624983954,-0.4736736092984604,-0.5024451714361923,0,0,1,0,0,1,0,0,1,0,0,1
594,0.0,-0.47454519624983954,2.0089333664952354,-0.49237782784290063,0,0,1,0,1,0,0,1,0,0,1,0
595,0.5029430168352342,0.4327933656785018,-0.4736736092984604,-0.12491978668775715,0,1,0,0,0,1,0,0,1,0,0,1
596,0.43405503966729336,0.4327933656785018,0.7676298785983874,-0.1621689579829361,0,0,1,0,0,1,0,0,1,0,0,1
597,0.0,-0.47454519624983954,-0.4736736092984604,0.016023023618325298,0,1,0,0,1,0,0,1,0,0,0,1
598,1.3295987428505243,-0.47454519624983954,-0.4736736092984604,-0.6484216535389205,0,0,1,0,0,1,0,0,1,0,0,1
599,0.0,-0.47454519624983954,-0.4736736092984604,-0.5029485386158568,0,0,1,0,0,1,0,0,1,1,0,0
600,1.3295987428505243,0.4327933656785018,-0.4736736092984604,0.49782998024351216,1,0,0,0,0,0,0,0,1,1,0,0
601,-0.3926006863479967,1.340131927606843,0.7676298785983874,-0.10478509950117394,0,1,0,0,0,0,1,1,0,0,0,1
602,0.0,-0.47454519624983954,-0.4736736092984604,-0.4894421904510968,0,0,1,0,0,1,0,0,1,0,0,1
603,0.0,-0.47454519624983954,-0.4736736092984604,0.2052890831722074,1,0,0,0,0,1,0,0,1,0,0,1
604,0.9851588570108202,-0.47454519624983954,-0.4736736092984604,-0.4863374216869257,0,0,1,0,0,1,0,0,1,0,0,1
605,0.36516706249935255,-0.47454519624983954,-0.4736736092984604,-0.11384570873513637,1,0,0,0,0,1,0,0,1,1,0,0
606,0.43405503966729336,0.4327933656785018,-0.4736736092984604,-0.3353272677875516,0,0,1,0,0,1,0,0,1,0,0,1
607,0.020727176659648322,-0.47454519624983954,-0.4736736092984604,-0.4894421904510968,0,0,1,0,0,1,0,0,1,0,0,1
608,-0.1859367548441742,-0.47454519624983954,-0.4736736092984604,-0.034313694348132716,1,0,0,0,0,1,0,0,1,0,0,1
609,-0.5303766406838785,0.4327933656785018,2.0089333664952354,0.18876253192945994,0,1,0,0,0,0,1,1,0,1,0,0
610,0.7096069483390568,-0.47454519624983954,-0.4736736092984604,2.441497778832105,1,0,0,0,1,0,0,1,0,0,0,1
611,0.6407189711711159,0.4327933656785018,5.73284383018578,-0.01870931177853076,0,0,1,0,0,0,1,1,0,0,0,1
612,0.0,-0.47454519624983954,-0.4736736092984604,-0.5064721088735089,0,0,1,0,0,1,0,0,1,0,0,1
613,0.0,0.4327933656785018,-0.4736736092984604,-0.3363340021468808,0,0,1,0,1,0,0,1,0,0,1,0
614,0.0,-0.47454519624983954,-0.4736736092984604,-0.49237782784290063,0,0,1,0,0,1,0,0,1,0,1,0
615,0.36516706249935255,-0.47454519624983954,-0.4736736092984604,-0.4863374216869257,0,0,1,0,0,1,0,0,1,0,0,1
616,-0.3926006863479967,0.4327933656785018,2.0089333664952354,0.6603330135889879,0,1,0,0,1,0,0,1,0,0,0,1
617,0.2962790853314117,0.4327933656785018,0.7676298785983874,-0.35848215805212236,0,0,1,0,0,1,0,0,1,0,0,1
618,-0.25482473201211503,0.4327933656785018,-0.4736736092984604,-0.32425318983493084,0,0,1,0,0,0,1,1,0,0,0,1
619,-1.7703602297068137,1.340131927606843,0.7676298785983874,0.13683114673782454,0,1,0,0,1,0,0,1,0,0,0,1
620,-0.25482473201211503,-0.47454519624983954,-0.4736736092984604,-0.43700743807979686,0,1,0,0,0,1,0,0,1,0,0,1
621,-0.1859367548441742,0.4327933656785018,-0.4736736092984604,-0.3573908580066095,0,0,1,0,0,1,0,0,1,1,0,0
622,0.8473829026749384,0.4327933656785018,-0.4736736092984604,0.40974072380221066,1,0,0,0,0,1,0,0,1,0,0,1
623,-0.6681525950197601,0.4327933656785018,0.7676298785983874,-0.33146744825388363,0,0,1,0,0,1,0,0,1,1,0,0
624,-0.5992646178518193,-0.47454519624983954,-0.4736736092984604,-0.4902797934380587,0,0,1,0,0,1,0,0,1,0,0,1
625,-0.5992646178518193,-0.47454519624983954,-0.4736736092984604,-0.32425318983493084,0,0,1,0,0,1,0,0,1,0,0,1
626,2.1562544688658143,-0.47454519624983954,-0.4736736092984604,0.002347544081197954,1,0,0,0,0,1,0,0,1,0,0,1
627,1.880702560194051,-0.47454519624983954,-0.4736736092984604,-0.3997582667846179,0,1,0,0,0,0,0,0,1,0,1,0
628,-0.5992646178518193,-0.47454519624983954,-0.4736736092984604,0.921244330558889,1,0,0,0,1,0,0,1,0,0,0,1
629,-0.25482473201211503,-0.47454519624983954,-0.4736736092984604,-0.4894421904510968,0,0,1,0,0,1,0,0,1,0,0,1
630,0.0,-0.47454519624983954,-0.4736736092984604,-0.49271407711891657,0,0,1,0,0,1,0,0,1,0,1,0
631,3.4651260350566906,-0.47454519624983954,-0.4736736092984604,-0.04438103794142432,1,0,0,0,0,1,0,0,1,0,0,1
632,1.4673746971864061,-0.47454519624983954,-0.4736736092984604,-0.5063875431873253,0,0,1,0,0,1,0,0,1,0,0,1
633,0.15850313099553,-0.47454519624983954,-0.4736736092984604,-0.034313694348132716,1,0,0,0,0,0,0,0,1,1,0,0
634,0.0,-0.47454519624983954,-0.4736736092984604,-0.6484216535389205,1,0,0,0,0,1,0,0,1,0,0,1
635,-1.4259203438671093,2.2474704895351842,2.0089333664952354,-0.08666388103324908,0,0,1,0,1,0,0,1,0,0,0,1
636,-0.11704877767623337,-0.47454519624983954,-0.4736736092984604,-0.3866707201133388,0,1,0,0,1,0,0,1,0,0,0,1
637,0.15850313099553,-0.47454519624983954,-0.4736736092984604,-0.4888542575852486,0,0,1,0,0,1,0,0,1,0,0,1
638,0.08961515382758917,0.4327933656785018,0.7676298785983874,-0.11988611489111134,0,1,0,0,0,1,0,0,1,0,0,1
639,0.7784949255069976,-0.47454519624983954,5.73284383018578,0.1506737441786005,0,0,1,0,0,0,1,1,0,0,0,1
640,0.0,0.4327933656785018,-0.4736736092984604,-0.32425318983493084,0,0,1,0,0,1,0,0,1,0,0,1
641,-0.6681525950197601,-0.47454519624983954,-0.4736736092984604,-0.4902797934380587,0,0,1,0,0,1,0,0,1,0,0,1
642,-0.3926006863479967,-0.47454519624983954,-0.4736736092984604,0.7469121684912956,1,0,0,0,0,0,0,1,0,1,0,0
643,-1.9081361840426954,2.2474704895351842,2.0089333664952354,-0.08666388103324908,0,0,1,0,1,0,0,1,0,0,0,1
644,0.0,-0.47454519624983954,-0.4736736092984604,0.48910360681684706,0,0,1,0,0,1,0,0,1,0,0,1
645,-1.9942461555026214,1.340131927606843,0.7676298785983874,-0.26066180729354516,0,0,1,0,1,0,0,1,0,1,0,0
646,1.2607107656825836,0.4327933656785018,-0.4736736092984604,0.8964967865378598,1,0,0,0,0,1,0,0,1,1,0,0
647,-0.7370405721877009,-0.47454519624983954,-0.4736736092984604,-0.4894421904510968,0,0,1,0,0,1,0,0,1,0,0,1
648,1.8118145830261103,-0.47454519624983954,-0.4736736092984604,0.06635974158478332,1,0,0,0,0,0,0,0,1,1,0,0
649,0.0,-0.47454519624983954,-0.4736736092984604,-0.49640476528021726,0,0,1,0,0,1,0,0,1,0,0,1
650,-0.4614886635159376,-0.47454519624983954,-0.4736736092984604,-0.49640476528021726,0,0,1,0,1,0,0,1,0,0,0,1
651,0.0,-0.47454519624983954,-0.4736736092984604,-0.4894421904510968,0,0,1,0,0,1,0,0,1,0,0,1
652,-0.8059285493556418,-0.47454519624983954,0.7676298785983874,-0.18532384824750675,0,1,0,0,1,0,0,1,0,0,0,1
653,-0.5992646178518193,-0.47454519624983954,-0.4736736092984604,-0.47861979608830835,0,0,1,0,0,1,0,0,1,0,0,1
654,0.0,-0.47454519624983954,-0.4736736092984604,-0.49078316061772326,0,0,1,0,1,0,0,1,0,0,1,0
655,-0.8059285493556418,-0.47454519624983954,-0.4736736092984604,-0.5125125150294839,0,0,1,0,1,0,0,1,0,0,1,0
656,-0.3926006863479967,1.340131927606843,-0.4736736092984604,0.8314778546749452,0,1,0,0,0,1,0,0,1,0,0,1
657,0.0,-0.47454519624983954,-0.4736736092984604,-0.4894421904510968,0,0,1,0,0,1,0,0,1,0,0,1
658,0.15850313099553,0.4327933656785018,0.7676298785983874,-0.3363340021468808,0,0,1,0,0,0,1,1,0,0,1,0
659,-0.4614886635159376,-0.47454519624983954,-0.4736736092984604,-0.3866707201133388,0,1,0,0,0,1,0,0,1,0,0,1
660,1.949590537361992,-0.47454519624983954,2.0089333664952354,1.6323350375212924,1,0,0,0,0,1,0,0,1,1,0,0
661,1.3984867200184652,1.340131927606843,-0.4736736092984604,2.042579288947925,1,0,0,0,0,0,0,0,1,0,0,1
662,0.7096069483390568,-0.47454519624983954,-0.4736736092984604,-0.5029485386158568,0,0,1,0,0,1,0,0,1,1,0,0
663,1.1918227885146426,-0.47454519624983954,-0.4736736092984604,-0.13322534515222276,1,0,0,0,0,1,0,0,1,0,0,1
664,0.43405503966729336,-0.47454519624983954,-0.4736736092984604,-0.4974960653257301,0,0,1,0,0,1,0,0,1,0,0,1
665,-0.6681525950197601,0.4327933656785018,-0.4736736092984604,-0.4888542575852486,0,0,1,0,0,1,0,0,1,0,0,1
666,0.15850313099553,1.340131927606843,-0.4736736092984604,0.8314778546749452,0,1,0,0,0,1,0,0,1,0,0,1
667,-0.3237127091800559,-0.47454519624983954,-0.4736736092984604,-0.3866707201133388,0,1,0,0,0,1,0,0,1,0,0,1
668,0.0,-0.47454519624983954,-0.4736736092984604,-0.4918744606632361,0,0,1,0,0,1,0,0,1,0,0,1
669,0.9162708798428792,-0.47454519624983954,-0.4736736092984604,-0.4863374216869257,0,0,1,0,0,1,0,0,1,0,0,1
670,0.0,0.4327933656785018,-0.4736736092984604,0.39858208016340624,1,0,0,0,0,0,1,1,0,0,0,1
671,0.7096069483390568,0.4327933656785018,0.7676298785983874,0.13683114673782454,0,1,0,0,0,0,1,1,0,0,0,1
672,0.08961515382758917,0.4327933656785018,-0.4736736092984604,0.39858208016340624,1,0,0,0,0,1,0,0,1,0,0,1
673,2.776246263377282,-0.47454519624983954,-0.4736736092984604,-0.43700743807979686,0,1,0,0,0,1,0,0,1,0,0,1
674,0.08961515382758917,-0.47454519624983954,-0.4736736092984604,-0.3866707201133388,0,1,0,0,0,1,0,0,1,0,0,1
675,0.0,-0.47454519624983954,-0.4736736092984604,-0.6484216535389205,0,1,0,0,0,1,0,0,1,0,0,1
676,-0.8059285493556418,-0.47454519624983954,-0.4736736092984604,-0.4918744606632361,0,0,1,0,0,1,0,0,1,0,0,1
677,-0.3581566977640263,-0.47454519624983954,-0.4736736092984604,-0.4863374216869257,0,0,1,0,0,1,0,0,1,0,0,1
678,-0.8059285493556418,-0.47454519624983954,-0.4736736092984604,-0.45026210265472455,0,0,1,0,1,0,0,1,0,0,0,1
679,0.9162708798428792,0.4327933656785018,6.974147318082627,0.2958951755118318,0,0,1,0,0,0,1,1,0,0,0,1
680,0.43405503966729336,-0.47454519624983954,0.7676298785983874,9.667166525013505,1,0,0,0,0,1,0,0,1,1,0,0
681,0.0,-0.47454519624983954,-0.4736736092984604,-0.48457563655809965,0,0,1,0,1,0,0,1,0,0,1,0
682,-0.1859367548441742,-0.47454519624983954,-0.4736736092984604,0.8964967865378598,1,0,0,0,0,1,0,0,1,1,0,0
683,-0.6681525950197601,-0.47454519624983954,-0.4736736092984604,-0.4626791642426904,0,0,1,0,0,1,0,0,1,0,0,1
684,-1.0814804580274051,4.0621476133918675,2.0089333664952354,0.2958951755118318,0,0,1,0,0,1,0,0,1,0,0,1
685,2.087366491697874,0.4327933656785018,0.7676298785983874,0.13683114673782454,0,1,0,0,0,1,0,0,1,0,0,1
686,-0.3237127091800559,0.4327933656785018,2.0089333664952354,0.18876253192945994,0,1,0,0,0,1,0,0,1,1,0,0
687,-1.0814804580274051,3.1548090514635256,0.7676298785983874,0.1506737441786005,0,0,1,0,0,1,0,0,1,0,0,1
688,-0.7370405721877009,-0.47454519624983954,-0.4736736092984604,-0.44363577710162005,0,0,1,0,0,1,0,0,1,0,0,1
689,-0.8059285493556418,-0.47454519624983954,-0.4736736092984604,-0.49145565916975514,0,0,1,0,0,1,0,0,1,0,0,1
690,-1.0125924808594644,-0.47454519624983954,0.7676298785983874,3.6067927997556075,1,0,0,0,1,0,0,1,0,0,0,1
691,0.08961515382758917,0.4327933656785018,-0.4736736092984604,0.49925551609632224,1,0,0,0,0,1,0,0,1,0,0,1
692,-1.7703602297068137,-0.47454519624983954,0.7676298785983874,-0.37828059596268965,0,0,1,0,1,0,0,1,0,1,0,0
693,0.0,-0.47454519624983954,-0.4736736092984604,0.48910360681684706,0,0,1,0,0,1,0,0,1,0,0,1
694,-0.3237127091800559,-0.47454519624983954,-0.4736736092984604,-0.5029485386158568,0,0,1,0,0,1,0,0,1,1,0,0
695,2.087366491697874,-0.47454519624983954,-0.4736736092984604,-0.11384570873513637,1,0,0,0,0,0,0,0,1,0,0,1
696,1.5362626743543468,-0.47454519624983954,-0.4736736092984604,-0.3766033765200472,0,1,0,0,0,1,0,0,1,0,0,1
697,0.9851588570108202,-0.47454519624983954,-0.4736736092984604,-0.4863374216869257,0,0,1,0,0,1,0,0,1,0,0,1
698,0.0,-0.47454519624983954,-0.4736736092984604,-0.49271407711891657,0,0,1,0,1,0,0,1,0,0,1,0
699,1.3295987428505243,0.4327933656785018,0.7676298785983874,1.5841789061771412,1,0,0,0,0,1,0,0,1,1,0,0
700,0.8473829026749384,-0.47454519624983954,-0.4736736092984604,-0.494391296561559,0,0,1,0,0,1,0,0,1,0,0,1
701,-0.8059285493556418,0.4327933656785018,-0.4736736092984604,3.9327230485884233,1,0,0,0,0,0,1,1,0,1,0,0
702,0.36516706249935255,-0.47454519624983954,-0.4736736092984604,-0.11913106412161445,1,0,0,0,0,1,0,0,1,0,0,1
703,-0.8059285493556418,-0.47454519624983954,0.7676298785983874,-0.3573908580066095,0,0,1,0,1,0,0,1,0,1,0,0
704,-0.3237127091800559,-0.47454519624983954,-0.4736736092984604,-0.4925449457465493,0,0,1,0,0,1,0,0,1,0,1,0
705,-0.25482473201211503,0.4327933656785018,-0.4736736092984604,-0.4902797934380587,0,0,1,0,0,1,0,0,1,0,0,1
706,0.6407189711711159,-0.47454519624983954,-0.4736736092984604,-0.12491978668775715,0,1,0,0,0,1,0,0,1,0,0,1
707,1.054046834178761,-0.47454519624983954,-0.4736736092984604,-0.3766033765200472,0,1,0,0,0,0,1,1,0,0,0,1
708,0.8473829026749384,-0.47454519624983954,-0.4736736092984604,-0.11913106412161445,1,0,0,0,0,1,0,0,1,0,0,1
709,-0.5303766406838785,-0.47454519624983954,-0.4736736092984604,2.4029901895877646,1,0,0,0,1,0,0,1,0,0,0,1
710,0.0,0.4327933656785018,0.7676298785983874,-0.3414522396297103,0,0,1,1,0,0,0,0,1,1,0,0
711,-0.3926006863479967,-0.47454519624983954,-0.4736736092984604,0.3483299278831318,1,0,0,0,0,0,0,1,0,1,0,0
712,0.0,-0.47454519624983954,-0.4736736092984604,-0.11384570873513637,1,0,0,0,0,1,0,0,1,0,0,1
713,1.2607107656825836,0.4327933656785018,-0.4736736092984604,0.39858208016340624,1,0,0,0,0,1,0,0,1,0,0,1
714,-0.04816080050829252,-0.47454519624983954,-0.4736736092984604,-0.457478374542396,0,0,1,0,0,1,0,0,1,0,0,1
715,1.5362626743543468,-0.47454519624983954,-0.4736736092984604,-0.3866707201133388,0,1,0,0,0,1,0,0,1,0,0,1
716,-0.7370405721877009,-0.47454519624983954,-0.4736736092984604,-0.494391296561559,0,0,1,0,0,1,0,0,1,0,0,1
717,0.571830994003175,-0.47454519624983954,-0.4736736092984604,3.9327230485884233,1,0,0,0,1,0,0,1,0,1,0,0
718,-0.1859367548441742,-0.47454519624983954,-0.4736736092984604,-0.43700743807979686,0,1,0,0,1,0,0,1,0,0,0,1
719,0.0,-0.47454519624983954,-0.4736736092984604,-0.3363340021468808,0,0,1,0,0,1,0,0,1,0,1,0
720,0.22739110816347086,-0.47454519624983954,-0.4736736092984604,-0.4918744606632361,0,0,1,0,0,1,0,0,1,0,0,1
721,-1.6325842753709319,-0.47454519624983954,0.7676298785983874,0.016023023618325298,0,1,0,0,1,0,0,1,0,0,0,1
722,-0.8748165265235827,0.4327933656785018,-0.4736736092984604,-0.5063875431873253,0,0,1,0,0,1,0,0,1,0,0,1
723,0.2962790853314117,-0.47454519624983954,-0.4736736092984604,-0.3866707201133388,0,1,0,0,0,1,0,0,1,0,0,1
724,1.3984867200184652,-0.47454519624983954,-0.4736736092984604,-0.3866707201133388,0,1,0,0,0,1,0,0,1,0,0,1
725,-0.1859367548441742,0.4327933656785018,-0.4736736092984604,0.4207302360686478,1,0,0,0,0,1,0,0,1,0,0,1
726,-0.6681525950197601,-0.47454519624983954,-0.4736736092984604,-0.47400492578514347,0,0,1,0,0,1,0,0,1,0,0,1
727,0.020727176659648322,2.2474704895351842,-0.4736736092984604,-0.22559322262067316,0,1,0,0,0,0,1,1,0,0,0,1
728,0.0,-0.47454519624983954,-0.4736736092984604,-0.4926295114327329,0,0,1,0,1,0,0,1,0,0,1,0
729,-0.3237127091800559,0.4327933656785018,-0.4736736092984604,-0.12491978668775715,0,1,0,0,0,1,0,0,1,0,0,1
730,-0.3237127091800559,0.4327933656785018,-0.4736736092984604,-0.4888542575852486,0,0,1,0,1,0,0,1,0,0,0,1
731,-0.04816080050829252,-0.47454519624983954,-0.4736736092984604,3.6067927997556075,1,0,0,0,1,0,0,1,0,0,0,1
732,-1.2881443895312277,-0.47454519624983954,-0.4736736092984604,-0.2701412180209885,0,0,1,0,0,1,0,0,1,1,0,0
733,0.0,-0.47454519624983954,-0.4736736092984604,-0.6484216535389205,0,1,0,0,0,1,0,0,1,0,0,1
734,-0.4614886635159376,-0.47454519624983954,-0.4736736092984604,-0.3866707201133388,0,1,0,0,0,1,0,0,1,0,0,1
735,-0.4614886635159376,-0.47454519624983954,-0.4736736092984604,-0.3866707201133388,0,1,0,0,0,1,0,0,1,0,0,1
736,-0.08260478909226295,-0.47454519624983954,-0.4736736092984604,-0.32425318983493084,0,0,1,0,0,1,0,0,1,0,0,1
737,1.2607107656825836,0.4327933656785018,3.250236854392083,0.04370821849987721,0,0,1,0,0,0,1,1,0,0,0,1
738,0.36516706249935255,-0.47454519624983954,-0.4736736092984604,9.667166525013505,1,0,0,0,0,1,0,0,1,1,0,0
739,0.0,-0.47454519624983954,-0.4736736092984604,-0.4894421904510968,0,0,1,0,0,1,0,0,1,0,0,1
740,0.0,-0.47454519624983954,-0.4736736092984604,-0.4894421904510968,0,0,1,0,0,1,0,0,1,0,0,1
741,0.0,-0.47454519624983954,-0.4736736092984604,-0.04438103794142432,1,0,0,0,0,1,0,0,1,0,0,1
742,0.43405503966729336,0.4327933656785018,-0.4736736092984604,0.9391984311231651,1,0,0,0,0,1,0,0,1,0,0,1
743,-0.5992646178518193,1.340131927606843,2.0089333664952354,4.634416897040849,1,0,0,0,1,0,0,1,0,1,0,0
744,-0.3926006863479967,0.4327933656785018,-0.4736736092984604,-0.32425318983493084,0,0,1,0,0,1,0,0,1,0,0,1
745,0.08961515382758917,-0.47454519624983954,-0.4736736092984604,-0.4888542575852486,0,0,1,0,0,1,0,0,1,0,0,1
746,2.776246263377282,0.4327933656785018,0.7676298785983874,0.7811411367084872,1,0,0,0,0,0,0,0,1,0,0,1
747,-0.9437045036915235,0.4327933656785018,0.7676298785983874,-0.24069423801061057,0,0,1,0,0,1,0,0,1,0,0,1
748,0.020727176659648322,-0.47454519624983954,-0.4736736092984604,-0.3866707201133388,0,1,0,0,1,0,0,1,0,0,0,1
749,-0.7370405721877009,0.4327933656785018,-0.4736736092984604,0.4207302360686478,1,0,0,0,0,1,0,0,1,0,0,1
750,0.08961515382758917,-0.47454519624983954,-0.4736736092984604,-0.49237782784290063,0,0,1,0,0,1,0,0,1,0,1,0
751,-1.7703602297068137,0.4327933656785018,0.7676298785983874,-0.18532384824750675,0,1,0,0,1,0,0,1,0,0,0,1
752,-1.6325842753709319,-0.47454519624983954,0.7676298785983874,-0.397241430886295,0,0,1,1,0,0,0,0,1,0,0,1
753,0.22739110816347086,-0.47454519624983954,-0.4736736092984604,-0.45714212526638004,0,0,1,0,0,1,0,0,1,0,0,1
754,-0.4614886635159376,-0.47454519624983954,-0.4736736092984604,-0.4894421904510968,0,0,1,0,0,1,0,0,1,0,0,1
755,1.2607107656825836,0.4327933656785018,2.0089333664952354,0.6603330135889879,0,1,0,0,0,0,1,1,0,0,0,1
756,-1.9997571936760565,0.4327933656785018,0.7676298785983874,-0.35646868933346404,0,1,0,1,0,0,0,0,1,0,0,1
757,-0.11704877767623337,-0.47454519624983954,-0.4736736092984604,-0.49145565916975514,0,0,1,0,0,1,0,0,1,0,0,1
758,-0.8059285493556418,-0.47454519624983954,-0.4736736092984604,-0.41687275089321363,0,1,0,0,0,1,0,0,1,0,0,1
759,0.2962790853314117,-0.47454519624983954,-0.4736736092984604,-0.4863374216869257,0,0,1,0,0,1,0,0,1,0,0,1
760,0.22739110816347086,-0.47454519624983954,-0.4736736092984604,1.093228788100527,1,0,0,0,0,0,0,1,0,0,0,1
761,0.0,-0.47454519624983954,-0.4736736092984604,-0.35646868933346404,0,0,1,0,0,1,0,0,1,0,0,1
762,0.7784949255069976,-0.47454519624983954,-0.4736736092984604,-0.5049620073345151,0,0,1,0,0,1,0,0,1,0,0,1
763,-0.6681525950197601,-0.47454519624983954,-0.4736736092984604,-0.5028639729296732,0,0,1,0,0,1,0,0,1,1,0,0
764,0.43405503966729336,0.4327933656785018,2.0089333664952354,1.7677408088510642,1,0,0,0,0,0,1,1,0,0,0,1
765,-0.9437045036915235,-0.47454519624983954,-0.4736736092984604,-0.4918744606632361,0,0,1,0,0,1,0,0,1,0,0,1
766,1.4673746971864061,0.4327933656785018,-0.4736736092984604,0.921244330558889,1,0,0,0,0,0,1,1,0,0,0,1
767,0.0,-0.47454519624983954,-0.4736736092984604,0.1489119590497745,1,0,0,0,0,0,0,0,1,1,0,0
768,0.055171165243618744,-0.47454519624983954,-0.4736736092984604,-0.49237782784290063,0,0,1,0,1,0,0,1,0,0,1,0
769,0.0,0.4327933656785018,-0.4736736092984604,-0.1621689579829361,0,0,1,0,0,1,0,0,1,0,1,0
770,0.15850313099553,-0.47454519624983954,-0.4736736092984604,-0.4800453319411184,0,0,1,0,0,1,0,0,1,0,0,1
771,-0.3926006863479967,-0.47454519624983954,-0.4736736092984604,-0.45714212526638004,0,0,1,0,0,1,0,0,1,0,0,1
772,1.2607107656825836,-0.47454519624983954,-0.4736736092984604,-0.4902797934380587,0,0,1,0,0,1,0,0,1,0,0,1
773,1.880702560194051,-0.47454519624983954,-0.4736736092984604,-0.43700743807979686,0,1,0,0,0,0,1,1,0,0,0,1
774,0.0,-0.47454519624983954,-0.4736736092984604,-0.5029485386158568,0,0,1,0,0,1,0,0,1,1,0,0
775,1.6740386286902287,0.4327933656785018,3.250236854392083,-0.18532384824750675,0,1,0,0,0,0,1,1,0,0,0,1
776,-0.8059285493556418,-0.47454519624983954,-0.4736736092984604,-0.49237782784290063,0,0,1,0,0,1,0,0,1,0,0,1
777,0.0,-0.47454519624983954,-0.4736736092984604,-0.49237782784290063,0,0,1,0,0,1,0,0,1,0,1,0
778,-1.7014722525388728,-0.47454519624983954,-0.4736736092984604,-0.397241430886295,0,0,1,0,1,0,0,1,0,0,0,1
779,0.0,-0.47454519624983954,-0.4736736092984604,-0.4926295114327329,0,0,1,0,0,1,0,0,1,0,1,0
780,0.9162708798428792,-0.47454519624983954,0.7676298785983874,3.6067927997556075,1,0,0,0,0,0,1,1,0,0,0,1
781,-1.150368435195346,-0.47454519624983954,-0.4736736092984604,-0.5028639729296732,0,0,1,0,1,0,0,1,0,1,0,0
782,-0.8748165265235827,0.4327933656785018,-0.4736736092984604,0.49925551609632224,1,0,0,0,0,0,1,1,0,0,0,1
783,-0.04816080050829252,-0.47454519624983954,-0.4736736092984604,-0.04438103794142432,1,0,0,0,0,1,0,0,1,0,0,1
784,0.0,0.4327933656785018,2.0089333664952354,-0.17626323901354432,0,0,1,0,0,1,0,0,1,0,0,1
785,-0.3237127091800559,-0.47454519624983954,-0.4736736092984604,-0.5064721088735089,0,0,1,0,0,1,0,0,1,0,0,1
786,-0.3237127091800559,-0.47454519624983954,-0.4736736092984604,-0.5024451714361923,0,0,1,0,0,1,0,0,1,0,0,1
787,-0.8059285493556418,-0.47454519624983954,-0.4736736092984604,-0.4974960653257301,0,0,1,0,1,0,0,1,0,0,0,1
788,-1.4948083210350502,3.1548090514635256,0.7676298785983874,-0.06199888922968463,0,0,1,1,0,0,0,0,1,0,1,0
789,-1.977024161210636,0.4327933656785018,2.0089333664952354,-0.23415046467497105,0,0,1,1,0,0,0,0,1,0,0,1
790,1.122934811346702,-0.47454519624983954,-0.4736736092984604,0.9462455716384695,1,0,0,0,0,1,0,0,1,1,0,0
791,0.0,-0.47454519624983954,-0.4736736092984604,-0.49237782784290063,0,0,1,0,0,1,0,0,1,0,1,0
792,-0.9437045036915235,-0.47454519624983954,-0.4736736092984604,-0.12491978668775715,0,1,0,0,0,1,0,0,1,0,0,1
793,0.0,6.784163299176891,2.0089333664952354,0.7519458402879414,0,0,1,0,1,0,0,1,0,0,0,1
794,0.0,-0.47454519624983954,-0.4736736092984604,-0.030371322596999754,1,0,0,0,0,1,0,0,1,1,0,0
795,-0.3237127091800559,-0.47454519624983954,-0.4736736092984604,-0.4894421904510968,0,0,1,0,0,1,0,0,1,0,0,1
796,0.6407189711711159,-0.47454519624983954,-0.4736736092984604,-0.3866707201133388,0,1,0,0,0,1,0,0,1,0,0,1
797,1.3295987428505243,-0.47454519624983954,-0.4736736092984604,-0.1263453225405672,1,0,0,0,0,0,0,1,0,0,0,1
798,0.08961515382758917,-0.47454519624983954,-0.4736736092984604,-0.4735861242916626,0,0,1,0,0,0,1,1,0,0,0,1
799,0.020727176659648322,-0.47454519624983954,-0.4736736092984604,-0.5028639729296732,0,0,1,0,0,1,0,0,1,1,0,0
800,0.020727176659648322,0.4327933656785018,0.7676298785983874,-0.1621689579829361,0,0,1,0,0,0,1,1,0,0,0,1
801,0.2962790853314117,-0.47454519624983954,-0.4736736092984604,-0.3866707201133388,0,1,0,0,0,1,0,0,1,0,0,1
802,0.08961515382758917,0.4327933656785018,0.7676298785983874,-0.11988611489111134,0,1,0,0,0,0,1,1,0,0,0,1
803,-1.2881443895312277,0.4327933656785018,2.0089333664952354,1.7677408088510642,1,0,0,1,0,0,0,0,1,0,0,1
804,-2.0169791879680417,-0.47454519624983954,0.7676298785983874,-0.47694056317694733,0,0,1,1,0,0,0,0,1,1,0,0
805,-0.1859367548441742,-0.47454519624983954,-0.4736736092984604,-0.5079822104125026,0,0,1,0,0,1,0,0,1,0,0,1
806,0.08961515382758917,-0.47454519624983954,-0.4736736092984604,-0.4918744606632361,0,0,1,0,0,1,0,0,1,0,0,1
807,0.6407189711711159,-0.47454519624983954,-0.4736736092984604,-0.6484216535389205,1,0,0,0,0,1,0,0,1,0,0,1
808,-0.8059285493556418,-0.47454519624983954,-0.4736736092984604,-0.4918744606632361,0,0,1,0,1,0,0,1,0,0,0,1
809,0.6407189711711159,-0.47454519624983954,-0.4736736092984604,-0.3866707201133388,0,1,0,0,0,1,0,0,1,0,0,1
810,0.22739110816347086,0.4327933656785018,-0.4736736092984604,0.4207302360686478,1,0,0,0,0,0,1,1,0,0,0,1
811,-0.25482473201211503,-0.47454519624983954,-0.4736736092984604,-0.4896093083547455,0,0,1,0,0,1,0,0,1,0,0,1
812,0.6407189711711159,-0.47454519624983954,-0.4736736092984604,-0.1621689579829361,0,0,1,0,0,1,0,0,1,0,0,1
813,0.36516706249935255,-0.47454519624983954,-0.4736736092984604,-0.43700743807979686,0,1,0,0,0,1,0,0,1,0,0,1
814,-1.6325842753709319,3.1548090514635256,2.0089333664952354,-0.01870931177853076,0,0,1,0,1,0,0,1,0,0,0,1
815,0.055171165243618744,-0.47454519624983954,-0.4736736092984604,-0.4863374216869257,0,0,1,0,0,1,0,0,1,0,0,1
816,0.0,-0.47454519624983954,-0.4736736092984604,-0.6484216535389205,1,0,0,0,0,1,0,0,1,0,0,1
817,-0.4614886635159376,-0.47454519624983954,-0.4736736092984604,-0.4888542575852486,0,0,1,0,1,0,0,1,0,0,0,1
818,0.08961515382758917,0.4327933656785018,0.7676298785983874,0.09664633805084172,0,1,0,0,0,1,0,0,1,1,0,0
819,0.9162708798428792,-0.47454519624983954,-0.4736736092984604,-0.5185529211854588,0,0,1,0,0,1,0,0,1,0,0,1
820,-1.3570323666991686,2.2474704895351842,2.0089333664952354,-0.08666388103324908,0,0,1,1,0,0,0,0,1,0,0,1
821,1.5362626743543468,0.4327933656785018,0.7676298785983874,1.2341715984066093,1,0,0,0,0,0,1,1,0,0,0,1
822,-0.1859367548441742,-0.47454519624983954,-0.4736736092984604,-0.47400492578514347,0,0,1,0,0,1,0,0,1,0,0,1
823,0.571830994003175,-0.47454519624983954,-0.4736736092984604,-0.6484216535389205,1,0,0,0,0,0,0,0,1,0,0,1
824,-0.1859367548441742,-0.47454519624983954,0.7676298785983874,-0.397241430886295,0,0,1,0,0,0,1,1,0,0,0,1
825,-1.9081361840426954,3.1548090514635256,0.7676298785983874,0.1506737441786005,0,0,1,1,0,0,0,0,1,0,0,1
826,0.0,-0.47454519624983954,-0.4736736092984604,-0.5084855775921673,0,0,1,0,0,1,0,0,1,0,1,0
827,0.0,-0.47454519624983954,-0.4736736092984604,0.48910360681684706,0,0,1,0,0,1,0,0,1,0,0,1
828,-1.977024161210636,-0.47454519624983954,2.0089333664952354,0.09664633805084172,0,1,0,1,0,0,0,0,1,1,0,0
829,0.0,-0.47454519624983954,-0.4736736092984604,-0.49237782784290063,0,0,1,0,0,1,0,0,1,0,1,0
830,2.225142446033755,-0.47454519624983954,-0.4736736092984604,0.962353321387736,1,0,0,0,0,0,1,1,0,0,0,0
831,-1.0125924808594644,0.4327933656785018,-0.4736736092984604,-0.3573908580066095,0,0,1,0,0,0,1,1,0,1,0,0
832,-1.9887351173291863,0.4327933656785018,0.7676298785983874,-0.2708962687904854,0,1,0,1,0,0,0,0,1,0,0,1
833,0.0,-0.47454519624983954,-0.4736736092984604,-0.5028639729296732,0,0,1,0,0,1,0,0,1,1,0,0
834,-0.4614886635159376,-0.47454519624983954,-0.4736736092984604,-0.4902797934380587,0,0,1,0,0,1,0,0,1,0,0,1
835,-0.8059285493556418,-0.47454519624983954,-0.4736736092984604,-0.48130374989027985,0,0,1,0,0,1,0,0,1,0,0,1
836,0.6407189711711159,0.4327933656785018,0.7676298785983874,1.0259447039291216,1,0,0,0,1,0,0,1,0,1,0,0
837,-0.5992646178518193,-0.47454519624983954,-0.4736736092984604,-0.47400492578514347,0,0,1,0,0,1,0,0,1,0,0,1
838,0.0,-0.47454519624983954,-0.4736736092984604,-0.4863374216869257,0,0,1,0,0,1,0,0,1,0,0,1
839,0.15850313099553,-0.47454519624983954,-0.4736736092984604,0.48910360681684706,0,0,1,0,0,1,0,0,1,0,0,1
840,0.0,-0.47454519624983954,-0.4736736092984604,-0.05042144409739929,1,0,0,0,0,1,0,0,1,1,0,0
841,-0.6681525950197601,-0.47454519624983954,-0.4736736092984604,-0.4888542575852486,0,0,1,0,0,1,0,0,1,0,0,1
842,-0.9437045036915235,-0.47454519624983954,-0.4736736092984604,-0.43700743807979686,0,1,0,0,0,1,0,0,1,0,0,1
843,0.020727176659648322,-0.47454519624983954,-0.4736736092984604,-0.024246350754841113,1,0,0,0,1,0,0,1,0,1,0,0
844,0.33072307391538214,-0.47454519624983954,-0.4736736092984604,-0.5188046047752911,0,0,1,0,0,1,0,0,1,1,0,0
845,-0.8748165265235827,-0.47454519624983954,-0.4736736092984604,-0.47400492578514347,0,0,1,0,0,1,0,0,1,0,0,1
846,0.8473829026749384,-0.47454519624983954,-0.4736736092984604,-0.49640476528021726,0,0,1,0,0,1,0,0,1,0,0,1
847,0.0,6.784163299176891,2.0089333664952354,0.7519458402879414,0,0,1,0,0,1,0,0,1,0,0,1
848,0.36516706249935255,-0.47454519624983954,-0.4736736092984604,-0.4894421904510968,0,0,1,0,0,1,0,0,1,1,0,0
849,-0.11704877767623337,-0.47454519624983954,0.7676298785983874,0.016023023618325298,0,1,0,0,0,0,0,0,1,0,0,1
850,0.0,0.4327933656785018,-0.4736736092984604,1.145663540471827,1,0,0,0,0,0,1,1,0,1,0,0
851,-1.7703602297068137,3.1548090514635256,2.0089333664952354,-0.01870931177853076,0,0,1,1,0,0,0,0,1,0,0,1
852,3.0517981720490455,-0.47454519624983954,-0.4736736092984604,-0.4918744606632361,0,0,1,0,0,1,0,0,1,0,0,1
853,-1.4259203438671093,0.4327933656785018,0.7676298785983874,-0.3414522396297103,0,0,1,0,1,0,0,1,0,1,0,0
854,-0.9437045036915235,-0.47454519624983954,0.7676298785983874,0.14488502161245778,1,0,0,0,1,0,0,1,0,0,0,1
855,0.9851588570108202,0.4327933656785018,-0.4736736092984604,-0.12491978668775715,0,1,0,0,0,0,1,1,0,0,0,1
856,-0.8059285493556418,-0.47454519624983954,0.7676298785983874,-0.4601623283443675,0,0,1,0,0,0,1,1,0,0,0,1
857,1.054046834178761,0.4327933656785018,0.7676298785983874,2.671117778445337,1,0,0,0,0,0,1,1,0,0,0,1
858,1.4673746971864061,-0.47454519624983954,-0.4736736092984604,-0.11384570873513637,1,0,0,0,0,1,0,0,1,0,0,1
859,-0.3926006863479967,-0.47454519624983954,3.250236854392083,-0.26066180729354516,0,0,1,0,0,0,1,1,0,1,0,0
860,0.0,-0.47454519624983954,-0.4736736092984604,-0.5028639729296732,0,0,1,0,0,1,0,0,1,1,0,0
861,0.7784949255069976,1.340131927606843,-0.4736736092984604,-0.36435544630444866,0,0,1,0,0,1,0,0,1,0,0,1
862,-0.5992646178518193,0.4327933656785018,-0.4736736092984604,-0.41687275089321363,0,1,0,0,0,1,0,0,1,0,0,1
863,1.2607107656825836,-0.47454519624983954,-0.4736736092984604,-0.1263453225405672,1,0,0,0,0,0,1,1,0,0,0,1
864,0.0,6.784163299176891,2.0089333664952354,0.7519458402879414,0,0,1,0,1,0,0,1,0,0,0,1
865,-0.3926006863479967,-0.47454519624983954,-0.4736736092984604,-0.3866707201133388,0,1,0,0,0,1,0,0,1,0,0,1
866,0.8473829026749384,-0.47454519624983954,-0.4736736092984604,-0.3866707201133388,0,1,0,0,0,0,1,1,0,0,0,1
867,-0.1859367548441742,0.4327933656785018,-0.4736736092984604,-0.3693891181010945,0,1,0,0,1,0,0,1,0,1,0,0
868,0.08961515382758917,-0.47454519624983954,-0.4736736092984604,0.3682954836973478,1,0,0,0,0,1,0,0,1,0,0,1
869,0.0,-0.47454519624983954,-0.4736736092984604,-0.45714212526638004,0,0,1,0,0,1,0,0,1,0,0,1
870,-1.7703602297068137,0.4327933656785018,0.7676298785983874,-0.4242561406845337,0,0,1,1,0,0,0,0,1,0,0,1
871,-0.25482473201211503,-0.47454519624983954,-0.4736736092984604,-0.4894421904510968,0,0,1,0,0,1,0,0,1,0,0,1
872,1.1918227885146426,0.4327933656785018,0.7676298785983874,0.40974072380221066,1,0,0,0,0,0,1,1,0,0,0,1
873,0.22739110816347086,-0.47454519624983954,-0.4736736092984604,-0.5477482176060045,1,0,0,0,0,1,0,0,1,0,0,1
874,1.1918227885146426,-0.47454519624983954,-0.4736736092984604,-0.46720946885967163,0,0,1,0,0,1,0,0,1,0,0,1
875,-0.11704877767623337,0.4327933656785018,-0.4736736092984604,-0.16518916106092355,0,1,0,0,0,0,1,1,0,1,0,0
876,-1.0125924808594644,-0.47454519624983954,-0.4736736092984604,-0.5029485386158568,0,0,1,0,1,0,0,1,0,1,0,0
877,-0.6681525950197601,-0.47454519624983954,-0.4736736092984604,-0.45017955043725955,0,0,1,0,0,1,0,0,1,0,0,1
878,-0.7370405721877009,-0.47454519624983954,-0.4736736092984604,-0.4894421904510968,0,0,1,0,0,1,0,0,1,0,0,1
879,0.0,-0.47454519624983954,-0.4736736092984604,-0.4894421904510968,0,0,1,0,0,1,0,0,1,0,0,1
880,1.8118145830261103,-0.47454519624983954,0.7676298785983874,1.0259447039291216,1,0,0,0,0,0,1,1,0,1,0,0
881,-0.3237127091800559,-0.47454519624983954,0.7676298785983874,-0.12491978668775715,0,1,0,0,0,0,1,1,0,0,0,1
882,0.22739110816347086,-0.47454519624983954,-0.4736736092984604,-0.4894421904510968,0,0,1,0,0,1,0,0,1,0,0,1
883,-0.5303766406838785,-0.47454519624983954,-0.4736736092984604,-0.4366711888037809,0,0,1,0,1,0,0,1,0,0,0,1
884,-0.11704877767623337,-0.47454519624983954,-0.4736736092984604,-0.43700743807979686,0,1,0,0,0,1,0,0,1,0,0,1
885,-0.3237127091800559,-0.47454519624983954,-0.4736736092984604,-0.5064721088735089,0,0,1,0,0,1,0,0,1,0,0,1
886,0.6407189711711159,-0.47454519624983954,5.73284383018578,-0.06199888922968463,0,0,1,0,0,0,1,1,0,0,1,0
887,-0.1859367548441742,-0.47454519624983954,-0.4736736092984604,-0.3866707201133388,0,1,0,0,0,0,0,0,1,0,0,1
888,-0.7370405721877009,-0.47454519624983954,-0.4736736092984604,-0.04438103794142432,1,0,0,0,1,0,0,1,0,0,0,1
889,0.0,0.4327933656785018,2.0089333664952354,-0.17626323901354432,0,0,1,0,1,0,0,1,0,0,0,1
890,-0.25482473201211503,-0.47454519624983954,-0.4736736092984604,-0.04438103794142432,1,0,0,0,0,1,0,0,1,1,0,0
891,0.15850313099553,-0.47454519624983954,-0.4736736092984604,-0.49237782784290063,0,0,1,0,0,1,0,0,1,0,1,0
